2023-03-28T15:04:43,415014,GET /rate/simon+of+the+desert+1965=4 
2023-03-28T15:04:44,815048,GET /rate/the+wrong+trousers+1993=4 
2023-03-28T15:04:45,745126,GET /rate/alexander+2004=1 
2023-03-28T15:04:46,204326,GET /rate/the+godfather+1972=5 
2023-03-28T15:04:46,370012,GET /rate/the+shawshank+redemption+1994=5 
2023-03-28T15:04:47,308445,GET /rate/takers+2010=3 
2023-03-28T15:04:48,376625,GET /rate/shoah+1985=3 
2023-03-28T15:04:48,573802,GET /rate/the+shawshank+redemption+1994=5 
2023-03-28T15:04:49,750096,GET /rate/the+matrix+1999=4 
2023-03-28T15:04:49,870227,GET /rate/the+godfather+1972=5 
2023-03-28T15:04:49,930792,GET /rate/the+silence+of+the+lambs+1991=4 
2023-03-28T15:04:49,285498,GET /rate/the+silence+of+the+lambs+1991=4 
2023-03-28T15:04:50,8335,GET /rate/the+silence+of+the+lambs+1991=5 
2023-03-28T15:04:50,823928,GET /rate/step+up+all+in+2014=4 
2023-03-28T15:04:51,406796,GET /rate/the+godfather+1972=5 
2023-03-28T15:04:51,92645,GET /rate/the+shawshank+redemption+1994=5 
2023-03-28T15:04:51,936782,GET /rate/spirited+away+2001=5 
2023-03-28T15:04:51,629316,GET /rate/the+shawshank+redemption+1994=5 
2023-03-28T15:04:51,48033,GET /rate/the+silence+of+the+lambs+1991=5 
2023-03-28T15:04:52,514510,GET /rate/the+wrong+trousers+1993=3 
2023-03-28T15:04:53,146551,GET /rate/kin-dza-dza+1986=4 
2023-03-28T15:04:54,451277,GET /rate/the+jungle+book+1967=3 
2023-03-28T15:04:54,284864,GET /rate/shoah+1985=5 
2023-03-28T15:04:54,215817,GET /rate/the+shawshank+redemption+1994=4 
2023-03-28T15:04:54,389866,GET /rate/the+shawshank+redemption+1994=4 
2023-03-28T15:04:55,703610,GET /rate/the+godfather+1972=5 
2023-03-28T15:04:56,820858,GET /rate/manrape+1978=3 
2023-03-28T15:04:56,178611,GET /rate/wreck-it+ralph+2012=4 
2023-03-28T15:04:56,720322,GET /rate/toy+story+2+1999=4 
2023-03-28T15:04:57,225542,GET /rate/the+shawshank+redemption+1994=5 
2023-03-28T15:04:57,655279,GET /rate/the+shawshank+redemption+1994=4 
2023-03-28T15:04:58,736606,GET /rate/one+flew+over+the+cuckoos+nest+1975=3 
2023-03-28T15:04:58,464295,GET /rate/the+sword+in+the+stone+1963=2 
2023-03-28T15:04:59,633414,GET /rate/vertigo+1958=3 
2023-03-28T15:04:59,580427,GET /rate/the+driver+1978=4 
2023-03-28T15:04:59,375622,GET /rate/the+shawshank+redemption+1994=5 
2023-03-28T15:04:59,877384,GET /rate/charlie+and+the+chocolate+factory+2005=4 
2023-03-28T15:04:59,781132,GET /rate/the+shawshank+redemption+1994=5 
2023-03-28T15:05,846729,GET /rate/the+shawshank+redemption+1994=5 
2023-03-28T15:05,904860,GET /rate/the+adventures+of+ichabod+and+mr.+toad+1949=4 
2023-03-28T14:52:47,357801,GET /rate/haute+cuisine+2012=3 
2023-03-28T14:52:48,693955,GET /rate/the+silence+of+the+lambs+1991=4 
2023-03-28T14:52:48,754499,GET /rate/the+wrong+trousers+1993=5 
2023-03-28T14:52:48,224862,GET /rate/the+ballad+of+cable+hogue+1970=3 
2023-03-28T14:52:48,814810,GET /rate/the+usual+suspects+1995=4 
2023-03-28T14:52:49,674788,GET /rate/shoah+1985=4 
2023-03-28T14:52:49,35749,GET /rate/the+usual+suspects+1995=4 
2023-03-28T14:52:49,630427,GET /rate/harry+potter+and+the+deathly+hallows+part+1+2010=4 
2023-03-28T14:52:49,449224,GET /rate/se7en+1995=4 
2023-03-28T14:52:50,437640,GET /rate/big+hero+6+2014=4 
2023-03-28T14:52:50,729725,GET /rate/neighbors+1920=4 
2023-03-28T14:52:50,649221,GET /rate/the+shawshank+redemption+1994=5 
2023-03-28T14:52:50,429086,GET /rate/julius+caesar+1979=3 
2023-03-28T14:52:51,646829,GET /rate/shoah+1985=5 
2023-03-28T14:52:51,135224,GET /rate/se7en+1995=3 
2023-03-28T14:52:51,28319,GET /rate/the+shawshank+redemption+1994=4 
2023-03-28T14:52:52,801168,GET /rate/the+godfather+1972=5 
2023-03-28T14:52:52,364364,GET /rate/samurai+rebellion+1967=5 
2023-03-28T14:52:52,466506,GET /rate/nightcrawler+2014=4 
2023-03-28T14:52:53,173463,GET /rate/the+wrong+trousers+1993=5 
2023-03-28T14:52:54,238577,GET /rate/metropolitan+1990=4 
2023-03-28T14:52:54,322499,GET /rate/cheech++chongs+next+movie+1980=3 
2023-03-28T14:52:55,254103,GET /rate/the+pursuit+of+d.b.+cooper+1981=3 
2023-03-28T14:52:55,522346,GET /rate/the+godfather+1972=4 
2023-03-28T14:52:56,166720,GET /rate/the+godfather+1972=5 
2023-03-28T14:52:56,5504,GET /rate/fury+2014=4 
2023-03-28T14:52:57,670960,GET /rate/l.a.+confidential+1997=5 
2023-03-28T14:52:57,70627,GET /rate/the+wrong+trousers+1993=4 
2023-03-28T14:52:57,897034,GET /rate/the+shawshank+redemption+1994=4 
2023-03-28T14:52:58,686842,GET /rate/pulp+fiction+1994=5 
2023-03-28T14:52:58,406536,GET /rate/the+shawshank+redemption+1994=5 
2023-03-28T14:52:59,520390,GET /rate/the+shawshank+redemption+1994=5 
2023-03-28T14:52:59,554314,GET /rate/how+to+marry+a+millionaire+1953=4 
2023-03-28T14:53,571169,GET /rate/dr.+strangelove+or+how+i+learned+to+stop+worrying+and+love+the+bomb+1964=4 
2023-03-28T14:53,485778,GET /rate/the+wrong+trousers+1993=3 
2023-03-28T14:53,403206,GET /rate/the+silence+of+the+lambs+1991=5 
2023-03-28T14:53,301894,GET /rate/the+shawshank+redemption+1994=5 
2023-03-28T14:53,870524,GET /rate/shoah+1985=4 
2023-03-28T14:53:01,362210,GET /rate/the+silence+of+the+lambs+1991=2 
2023-03-28T14:53:01,816390,GET /rate/pulp+fiction+1994=4 
2023-03-28T14:53:01,879750,GET /rate/the+silence+of+the+lambs+1991=4 
2023-03-28T14:53:03,750259,GET /rate/gattaca+1997=4 
2023-03-28T14:53:04,442781,GET /rate/shoah+1985=5 
2023-03-28T14:53:04,278044,GET /rate/point+blank+1967=3 
2023-03-28T14:53:04,233471,GET /rate/the+shawshank+redemption+1994=5 
2023-03-28T14:53:05,417922,GET /rate/presto+2008=5 
2023-03-28T14:53:05,431017,GET /rate/shoah+1985=5 
2023-03-28T14:53:05,121471,GET /rate/supermanbatman+apocalypse+2010=4 
2023-03-28T14:53:05,827970,GET /rate/all+the+presidents+men+1976=3 
2023-03-28T15:05:01,428667,GET /rate/key+largo+1948=5 
2023-03-28T15:05:02,185890,GET /rate/the+silence+of+the+lambs+1991=5 
2023-03-28T15:05:02,889799,GET /rate/hubble+3d+2010=3 
2023-03-28T15:05:03,543152,GET /rate/the+shawshank+redemption+1994=5 
2023-03-28T15:05:04,706890,GET /rate/the+shawshank+redemption+1994=4 
2023-03-28T15:05:04,600554,GET /rate/monsters_+inc.+2001=3 
2023-03-28T15:05:04,469805,GET /rate/the+godfather+1972=4 
2023-03-28T15:05:05,478900,GET /rate/shoah+1985=5 
2023-03-28T15:05:05,456447,GET /rate/shoah+1985=4 
2023-03-28T15:05:06,904505,GET /rate/memento+2000=4 
2023-03-28T15:05:07,301145,GET /rate/the+godfather+1972=5 
2023-03-28T15:05:07,595904,GET /rate/north+by+northwest+1959=4 
2023-03-28T15:05:08,754935,GET /rate/shoah+1985=3 
2023-03-28T15:05:08,126286,GET /rate/shoah+1985=5 
2023-03-28T15:05:09,730323,GET /rate/kill+bill+vol.+1+2003=4 
2023-03-28T15:05:09,103445,GET /rate/the+princess+diaries+2001=4 
2023-03-28T15:05:09,101453,GET /rate/shoah+1985=3 
2023-03-28T15:05:09,310070,GET /rate/the+shawshank+redemption+1994=5 
2023-03-28T15:05:09,823757,GET /rate/the+shawshank+redemption+1994=4 
2023-03-28T15:05:10,347801,GET /rate/the+silence+of+the+lambs+1991=4 
2023-03-28T15:05:10,931796,GET /rate/monty+python+and+the+holy+grail+1975=4 
2023-03-28T15:05:10,605452,GET /rate/the+wrong+trousers+1993=4 
2023-03-28T15:05:11,623825,GET /rate/kill+bill+vol.+2+2004=3 
2023-03-28T15:05:11,584493,GET /rate/the+silence+of+the+lambs+1991=5 
2023-03-28T15:05:12,418628,GET /rate/the+silence+of+the+lambs+1991=5 
2023-03-28T15:05:12,904972,GET /rate/shoah+1985=3 
2023-03-28T15:05:12,168657,GET /rate/the+shawshank+redemption+1994=4 
2023-03-28T15:05:13,266383,GET /rate/the+misfortunates+2009=4 
2023-03-28T15:05:14,716883,GET /rate/the+shawshank+redemption+1994=5 
2023-03-28T15:05:15,257686,GET /rate/something+borrowed+2011=3 
2023-03-28T15:05:15,359011,GET /rate/kill+bill+vol.+1+2003=3 
2023-03-28T15:05:15,140210,GET /rate/the+silence+of+the+lambs+1991=5 
2023-03-28T15:05:16,364854,GET /rate/the+shawshank+redemption+1994=5 
2023-03-28T15:05:17,542811,GET /rate/nightcrawler+2014=4 
2023-03-28T15:05:18,5418,GET /rate/presto+2008=5 
2023-03-28T15:05:18,743452,GET /rate/suzannes+career+1963=4 
2023-03-28T14:53:06,791974,GET /rate/the+shining+1980=4 
2023-03-28T14:53:06,794215,GET /rate/shoah+1985=4 
2023-03-28T14:53:07,353858,GET /rate/the+shawshank+redemption+1994=4 
2023-03-28T14:53:07,245889,GET /rate/the+doctor+1991=3 
2023-03-28T14:53:07,476149,GET /rate/the+usual+suspects+1995=5 
2023-03-28T14:53:07,425391,GET /rate/shoah+1985=5 
2023-03-28T14:53:07,802050,GET /rate/shoah+1985=4 
2023-03-28T14:53:08,822090,GET /rate/shoah+1985=3 
2023-03-28T14:53:08,158612,GET /rate/the+wrong+trousers+1993=5 
2023-03-28T14:53:08,128410,GET /rate/the+wrong+trousers+1993=5 
2023-03-28T14:53:09,359284,GET /rate/the+godfather+1972=5 
2023-03-28T14:53:10,422436,GET /rate/the+shawshank+redemption+1994=4 
2023-03-28T14:53:10,556631,GET /rate/the+punisher+dirty+laundry+2012=3 
2023-03-28T14:53:11,864926,GET /rate/the+usual+suspects+1995=2 
2023-03-28T14:53:12,312294,GET /rate/anchors+aweigh+1945=3 
2023-03-28T14:53:14,800305,GET /rate/pirates+of+the+caribbean+on+stranger+tides+2011=4 
2023-03-28T14:53:14,602472,GET /rate/the+silence+of+the+lambs+1991=5 
2023-03-28T14:53:15,353026,GET /rate/pulp+fiction+1994=5 
2023-03-28T14:53:15,130976,GET /rate/metropolis+1927=2 
2023-03-28T14:53:16,8825,GET /rate/the+chronicles+of+narnia+the+lion_+the+witch+and+the+wardrobe+2005=3 
2023-03-28T14:53:17,703343,GET /rate/the+shawshank+redemption+1994=4 
2023-03-28T14:53:17,704086,GET /rate/prime+suspect+1991=4 
2023-03-28T14:53:18,745126,GET /rate/pulp+fiction+1994=5 
2023-03-28T14:53:18,337654,GET /rate/the+silence+of+the+lambs+1991=4 
2023-03-28T14:53:19,413898,GET /rate/the+shawshank+redemption+1994=5 
2023-03-28T14:53:19,183814,GET /rate/the+wrong+trousers+1993=3 
2023-03-28T14:53:19,176957,GET /rate/the+shawshank+redemption+1994=5 
2023-03-28T14:53:20,554419,GET /rate/the+usual+suspects+1995=5 
2023-03-28T14:53:20,514774,GET /rate/sands+of+iwo+jima+1949=3 
2023-03-28T14:53:20,807015,GET /rate/the+shawshank+redemption+1994=5 
2023-03-28T14:53:20,202820,GET /rate/raiders+of+the+lost+ark+1981=5 
2023-03-28T14:53:21,663894,GET /rate/the+silence+of+the+lambs+1991=5 
2023-03-28T14:53:21,639399,GET /rate/the+shawshank+redemption+1994=5 
2023-03-28T14:53:21,626264,GET /rate/the+shawshank+redemption+1994=4 
2023-03-28T14:53:21,318799,GET /rate/the+shawshank+redemption+1994=5 
2023-03-28T14:53:21,777014,GET /rate/the+godfather+1972=4 
2023-03-28T14:53:21,616750,GET /rate/shoah+1985=3 
2023-03-28T14:53:23,48412,GET /rate/the+wrong+trousers+1993=5 
2023-03-28T14:53:23,467181,GET /rate/the+shawshank+redemption+1994=3 
2023-03-28T14:53:23,292004,GET /rate/shoah+1985=5 
2023-03-28T14:53:24,186942,GET /rate/one+flew+over+the+cuckoos+nest+1975=5 
2023-03-28T15:05:19,302715,GET /rate/the+silence+of+the+lambs+1991=4 
2023-03-28T15:05:19,558634,GET /rate/pulp+fiction+1994=5 
2023-03-28T15:05:20,631097,GET /rate/shoah+1985=3 
2023-03-28T15:05:21,464604,GET /rate/miss+julie+1951=4 
2023-03-28T15:05:21,356722,GET /rate/shoah+1985=4 
2023-03-28T15:05:21,318948,GET /rate/the+shawshank+redemption+1994=5 
2023-03-28T15:05:22,298337,GET /rate/the+shining+1980=5 
2023-03-28T15:05:22,870158,GET /rate/the+shawshank+redemption+1994=5 
2023-03-28T15:05:22,269495,GET /rate/batman+begins+2005=3 
2023-03-28T15:05:22,392566,GET /rate/pulp+fiction+1994=5 
2023-03-28T15:05:22,73825,GET /rate/the+silence+of+the+lambs+1991=4 
2023-03-28T15:05:22,197693,GET /rate/the+shawshank+redemption+1994=4 
2023-03-28T15:05:23,874767,GET /rate/the+silence+of+the+lambs+1991=5 
2023-03-28T15:05:24,145846,GET /rate/the+pet+2006=5 
2023-03-28T15:05:24,565774,GET /rate/shoah+1985=4 
2023-03-28T15:05:25,765716,GET /rate/the+shawshank+redemption+1994=5 
2023-03-28T15:05:25,548682,GET /rate/shoah+1985=4 
2023-03-28T15:05:25,571094,GET /rate/the+godfather+1972=5 
2023-03-28T15:05:26,817889,GET /rate/the+shawshank+redemption+1994=5 
2023-03-28T15:05:26,414880,GET /rate/walk+the+line+2005=4 
2023-03-28T15:05:27,645616,GET /rate/the+wrong+trousers+1993=4 
2023-03-28T15:05:28,437755,GET /rate/pulp+fiction+1994=3 
2023-03-28T15:05:28,521410,GET /rate/avatar+2009=5 
2023-03-28T15:05:28,609565,GET /rate/the+shawshank+redemption+1994=5 
2023-03-28T15:05:29,461226,GET /rate/shoah+1985=4 
2023-03-28T15:05:29,304019,GET /rate/the+shawshank+redemption+1994=3 
2023-03-28T15:05:30,584085,GET /rate/shoah+1985=4 
2023-03-28T15:05:31,905056,GET /rate/shoah+1985=3 
2023-03-28T15:05:32,823058,GET /rate/the+secret+world+of+arrietty+2010=3 
2023-03-28T15:05:32,373936,GET /rate/spiral+2000=3 
2023-03-28T15:05:32,184811,GET /rate/snatch+2000=4 
2023-03-28T15:05:32,155931,GET /rate/shoah+1985=4 
2023-03-28T15:05:32,24848,GET /rate/samurai+rebellion+1967=3 
2023-03-28T15:05:33,394857,GET /rate/the+silence+of+the+lambs+1991=3 
2023-03-28T15:05:34,138635,GET /rate/shoah+1985=5 
2023-03-28T15:05:34,535283,GET /rate/the+usual+suspects+1995=5 
2023-03-28T15:05:35,636240,GET /rate/the+shawshank+redemption+1994=5 
2023-03-28T15:05:36,339223,GET /rate/the+wrong+trousers+1993=4 
2023-03-28T14:53:25,463918,GET /rate/here+and+there+2009=2 
2023-03-28T14:53:26,11246,GET /rate/the+shawshank+redemption+1994=3 
2023-03-28T14:53:27,814915,GET /rate/the+silence+of+the+lambs+1991=4 
2023-03-28T14:53:28,496827,GET /rate/kronks+new+groove+2005=4 
2023-03-28T14:53:28,220754,GET /rate/the+shawshank+redemption+1994=4 
2023-03-28T14:53:29,100573,GET /rate/sympathy+for+lady+vengeance+2005=4 
2023-03-28T14:53:30,483296,GET /rate/son+of+batman+2014=3 
2023-03-28T14:53:30,467025,GET /rate/the+shawshank+redemption+1994=4 
2023-03-28T14:53:30,744065,GET /rate/the+wrong+trousers+1993=4 
2023-03-28T14:53:31,672528,GET /rate/the+shawshank+redemption+1994=5 
2023-03-28T14:53:31,11591,GET /rate/toy+story+1995=4 
2023-03-28T14:53:32,391152,GET /rate/monsters_+inc.+2001=4 
2023-03-28T14:53:32,581330,GET /rate/fantastic+planet+1973=4 
2023-03-28T14:53:32,272917,GET /rate/the+shawshank+redemption+1994=4 
2023-03-28T14:53:33,463981,GET /rate/pulp+fiction+1994=4 
2023-03-28T14:53:34,276516,GET /rate/the+godfather+1972=4 
2023-03-28T14:53:34,125515,GET /rate/the+silence+of+the+lambs+1991=3 
2023-03-28T14:53:35,905804,GET /rate/shoah+1985=4 
2023-03-28T14:53:35,224613,GET /rate/despicable+me+2010=4 
2023-03-28T14:53:35,193928,GET /rate/the+shawshank+redemption+1994=5 
2023-03-28T14:53:36,539524,GET /rate/the+silence+of+the+lambs+1991=4 
2023-03-28T14:53:36,21036,GET /rate/pulp+fiction+1994=4 
2023-03-28T14:53:37,411229,GET /rate/a+man+named+pearl+2006=4 
2023-03-28T14:53:37,700498,GET /rate/the+silence+of+the+lambs+1991=5 
2023-03-28T14:53:39,745126,GET /rate/pulp+fiction+1994=5 
2023-03-28T14:53:39,691415,GET /rate/the+shawshank+redemption+1994=5 
2023-03-28T14:53:39,210518,GET /rate/shoah+1985=5 
2023-03-28T14:53:39,437835,GET /rate/shoah+1985=4 
2023-03-28T14:53:41,763340,GET /rate/the+shawshank+redemption+1994=4 
2023-03-28T14:53:41,441376,GET /rate/the+shawshank+redemption+1994=4 
2023-03-28T14:53:42,629850,GET /rate/the+silence+of+the+lambs+1991=5 
2023-03-28T14:53:42,426593,GET /rate/notorious+1946=4 
2023-03-28T14:53:42,704837,GET /rate/partners+in+crime+2012=4 
2023-03-28T15:05:37,276335,GET /rate/interstellar+2014=4 
2023-03-28T15:05:37,831959,GET /rate/the+shawshank+redemption+1994=4 
2023-03-28T15:05:37,438383,GET /rate/the+house+that+dripped+blood+1971=3 
2023-03-28T15:05:38,634524,GET /rate/the+sky+dragon+1949=3 
2023-03-28T15:05:38,275168,GET /rate/shoah+1985=3 
2023-03-28T15:04:43,415014,GET /rate/simon+of+the+desert+1965=4 
2023-03-28T15:04:44,815048,GET /rate/the+wrong+trousers+1993=4 
2023-03-28T15:04:45,745126,GET /rate/alexander+2004=1 
2023-03-28T15:04:46,204326,GET /rate/the+godfather+1972=5 
2023-03-28T15:04:46,370012,GET /rate/the+shawshank+redemption+1994=5 
2023-03-28T15:04:47,308445,GET /rate/takers+2010=3 
2023-03-28T15:04:48,376625,GET /rate/shoah+1985=3 
2023-03-28T15:04:48,573802,GET /rate/the+shawshank+redemption+1994=5 
2023-03-28T15:04:49,750096,GET /rate/the+matrix+1999=4 
2023-03-28T15:04:49,870227,GET /rate/the+godfather+1972=5 
2023-03-28T15:04:49,930792,GET /rate/the+silence+of+the+lambs+1991=4 
2023-03-28T15:04:49,285498,GET /rate/the+silence+of+the+lambs+1991=4 
2023-03-28T15:04:50,8335,GET /rate/the+silence+of+the+lambs+1991=5 
2023-03-28T15:04:50,823928,GET /rate/step+up+all+in+2014=4 
2023-03-28T15:04:51,406796,GET /rate/the+godfather+1972=5 
2023-03-28T15:04:51,92645,GET /rate/the+shawshank+redemption+1994=5 
2023-03-28T15:04:51,936782,GET /rate/spirited+away+2001=5 
2023-03-28T15:04:51,629316,GET /rate/the+shawshank+redemption+1994=5 
2023-03-28T15:04:51,48033,GET /rate/the+silence+of+the+lambs+1991=5 
2023-03-28T15:04:52,514510,GET /rate/the+wrong+trousers+1993=3 
2023-03-28T15:04:53,146551,GET /rate/kin-dza-dza+1986=4 
2023-03-28T15:04:54,451277,GET /rate/the+jungle+book+1967=3 
2023-03-28T15:04:54,284864,GET /rate/shoah+1985=5 
2023-03-28T15:04:54,215817,GET /rate/the+shawshank+redemption+1994=4 
2023-03-28T15:04:54,389866,GET /rate/the+shawshank+redemption+1994=4 
2023-03-28T15:04:55,703610,GET /rate/the+godfather+1972=5 
2023-03-28T15:04:56,820858,GET /rate/manrape+1978=3 
2023-03-28T15:04:56,178611,GET /rate/wreck-it+ralph+2012=4 
2023-03-28T15:04:56,720322,GET /rate/toy+story+2+1999=4 
2023-03-28T15:04:57,225542,GET /rate/the+shawshank+redemption+1994=5 
2023-03-28T15:04:57,655279,GET /rate/the+shawshank+redemption+1994=4 
2023-03-28T15:04:58,736606,GET /rate/one+flew+over+the+cuckoos+nest+1975=3 
2023-03-28T15:04:58,464295,GET /rate/the+sword+in+the+stone+1963=2 
2023-03-28T15:04:59,633414,GET /rate/vertigo+1958=3 
2023-03-28T15:04:59,580427,GET /rate/the+driver+1978=4 
2023-03-28T15:04:59,375622,GET /rate/the+shawshank+redemption+1994=5 
2023-03-28T15:04:59,877384,GET /rate/charlie+and+the+chocolate+factory+2005=4 
2023-03-28T15:04:59,781132,GET /rate/the+shawshank+redemption+1994=5 
2023-03-28T15:05,846729,GET /rate/the+shawshank+redemption+1994=5 
2023-03-28T15:05,904860,GET /rate/the+adventures+of+ichabod+and+mr.+toad+1949=4 
2023-03-28T14:52:47,357801,GET /rate/haute+cuisine+2012=3 
2023-03-28T14:52:48,693955,GET /rate/the+silence+of+the+lambs+1991=4 
2023-03-28T14:52:48,754499,GET /rate/the+wrong+trousers+1993=5 
2023-03-28T14:52:48,224862,GET /rate/the+ballad+of+cable+hogue+1970=3 
2023-03-28T14:52:48,814810,GET /rate/the+usual+suspects+1995=4 
2023-03-28T14:52:49,674788,GET /rate/shoah+1985=4 
2023-03-28T14:52:49,35749,GET /rate/the+usual+suspects+1995=4 
2023-03-28T14:52:49,630427,GET /rate/harry+potter+and+the+deathly+hallows+part+1+2010=4 
2023-03-28T14:52:49,449224,GET /rate/se7en+1995=4 
2023-03-28T14:52:50,437640,GET /rate/big+hero+6+2014=4 
2023-03-28T14:52:50,729725,GET /rate/neighbors+1920=4 
2023-03-28T14:52:50,649221,GET /rate/the+shawshank+redemption+1994=5 
2023-03-28T14:52:50,429086,GET /rate/julius+caesar+1979=3 
2023-03-28T14:52:51,646829,GET /rate/shoah+1985=5 
2023-03-28T14:52:51,135224,GET /rate/se7en+1995=3 
2023-03-28T14:52:51,28319,GET /rate/the+shawshank+redemption+1994=4 
2023-03-28T14:52:52,801168,GET /rate/the+godfather+1972=5 
2023-03-28T14:52:52,364364,GET /rate/samurai+rebellion+1967=5 
2023-03-28T14:52:52,466506,GET /rate/nightcrawler+2014=4 
2023-03-28T14:52:53,173463,GET /rate/the+wrong+trousers+1993=5 
2023-03-28T14:52:54,238577,GET /rate/metropolitan+1990=4 
2023-03-28T14:52:54,322499,GET /rate/cheech++chongs+next+movie+1980=3 
2023-03-28T14:52:55,254103,GET /rate/the+pursuit+of+d.b.+cooper+1981=3 
2023-03-28T14:52:55,522346,GET /rate/the+godfather+1972=4 
2023-03-28T14:52:56,166720,GET /rate/the+godfather+1972=5 
2023-03-28T14:52:56,5504,GET /rate/fury+2014=4 
2023-03-28T14:52:57,670960,GET /rate/l.a.+confidential+1997=5 
2023-03-28T14:52:57,70627,GET /rate/the+wrong+trousers+1993=4 
2023-03-28T14:52:57,897034,GET /rate/the+shawshank+redemption+1994=4 
2023-03-28T14:52:58,686842,GET /rate/pulp+fiction+1994=5 
2023-03-28T14:52:58,406536,GET /rate/the+shawshank+redemption+1994=5 
2023-03-28T14:52:59,520390,GET /rate/the+shawshank+redemption+1994=5 
2023-03-28T14:52:59,554314,GET /rate/how+to+marry+a+millionaire+1953=4 
2023-03-28T14:53,571169,GET /rate/dr.+strangelove+or+how+i+learned+to+stop+worrying+and+love+the+bomb+1964=4 
2023-03-28T14:53,485778,GET /rate/the+wrong+trousers+1993=3 
2023-03-28T14:53,403206,GET /rate/the+silence+of+the+lambs+1991=5 
2023-03-28T14:53,301894,GET /rate/the+shawshank+redemption+1994=5 
2023-03-28T14:53,870524,GET /rate/shoah+1985=4 
2023-03-28T14:53:01,362210,GET /rate/the+silence+of+the+lambs+1991=2 
2023-03-28T14:53:01,816390,GET /rate/pulp+fiction+1994=4 
2023-03-28T14:53:01,879750,GET /rate/the+silence+of+the+lambs+1991=4 
2023-03-28T14:53:03,750259,GET /rate/gattaca+1997=4 
2023-03-28T14:53:04,442781,GET /rate/shoah+1985=5 
2023-03-28T14:53:04,278044,GET /rate/point+blank+1967=3 
2023-03-28T14:53:04,233471,GET /rate/the+shawshank+redemption+1994=5 
2023-03-28T14:53:05,417922,GET /rate/presto+2008=5 
2023-03-28T14:53:05,431017,GET /rate/shoah+1985=5 
2023-03-28T14:53:05,121471,GET /rate/supermanbatman+apocalypse+2010=4 
2023-03-28T14:53:05,827970,GET /rate/all+the+presidents+men+1976=3 
2023-03-28T15:05:01,428667,GET /rate/key+largo+1948=5 
2023-03-28T15:05:02,185890,GET /rate/the+silence+of+the+lambs+1991=5 
2023-03-28T15:05:02,889799,GET /rate/hubble+3d+2010=3 
2023-03-28T15:05:03,543152,GET /rate/the+shawshank+redemption+1994=5 
2023-03-28T15:05:04,706890,GET /rate/the+shawshank+redemption+1994=4 
2023-03-28T15:05:04,600554,GET /rate/monsters_+inc.+2001=3 
2023-03-28T15:05:04,469805,GET /rate/the+godfather+1972=4 
2023-03-28T15:05:05,478900,GET /rate/shoah+1985=5 
2023-03-28T15:05:05,456447,GET /rate/shoah+1985=4 
2023-03-28T15:05:06,904505,GET /rate/memento+2000=4 
2023-03-28T15:05:07,301145,GET /rate/the+godfather+1972=5 
2023-03-28T15:05:07,595904,GET /rate/north+by+northwest+1959=4 
2023-03-28T15:05:08,754935,GET /rate/shoah+1985=3 
2023-03-28T15:05:08,126286,GET /rate/shoah+1985=5 
2023-03-28T15:05:09,730323,GET /rate/kill+bill+vol.+1+2003=4 
2023-03-28T15:05:09,103445,GET /rate/the+princess+diaries+2001=4 
2023-03-28T15:05:09,101453,GET /rate/shoah+1985=3 
2023-03-28T15:05:09,310070,GET /rate/the+shawshank+redemption+1994=5 
2023-03-28T15:05:09,823757,GET /rate/the+shawshank+redemption+1994=4 
2023-03-28T15:05:10,347801,GET /rate/the+silence+of+the+lambs+1991=4 
2023-03-28T15:05:10,931796,GET /rate/monty+python+and+the+holy+grail+1975=4 
2023-03-28T15:05:10,605452,GET /rate/the+wrong+trousers+1993=4 
2023-03-28T15:05:11,623825,GET /rate/kill+bill+vol.+2+2004=3 
2023-03-28T15:05:11,584493,GET /rate/the+silence+of+the+lambs+1991=5 
2023-03-28T15:05:12,418628,GET /rate/the+silence+of+the+lambs+1991=5 
2023-03-28T15:05:12,904972,GET /rate/shoah+1985=3 
2023-03-28T15:05:12,168657,GET /rate/the+shawshank+redemption+1994=4 
2023-03-28T15:05:13,266383,GET /rate/the+misfortunates+2009=4 
2023-03-28T15:05:14,716883,GET /rate/the+shawshank+redemption+1994=5 
2023-03-28T15:05:15,257686,GET /rate/something+borrowed+2011=3 
2023-03-28T15:05:15,359011,GET /rate/kill+bill+vol.+1+2003=3 
2023-03-28T15:05:15,140210,GET /rate/the+silence+of+the+lambs+1991=5 
2023-03-28T15:05:16,364854,GET /rate/the+shawshank+redemption+1994=5 
2023-03-28T15:05:17,542811,GET /rate/nightcrawler+2014=4 
2023-03-28T15:05:18,5418,GET /rate/presto+2008=5 
2023-03-28T15:05:18,743452,GET /rate/suzannes+career+1963=4 
2023-03-28T14:53:06,791974,GET /rate/the+shining+1980=4 
2023-03-28T14:53:06,794215,GET /rate/shoah+1985=4 
2023-03-28T14:53:07,353858,GET /rate/the+shawshank+redemption+1994=4 
2023-03-28T14:53:07,245889,GET /rate/the+doctor+1991=3 
2023-03-28T14:53:07,476149,GET /rate/the+usual+suspects+1995=5 
2023-03-28T14:53:07,425391,GET /rate/shoah+1985=5 
2023-03-28T14:53:07,802050,GET /rate/shoah+1985=4 
2023-03-28T14:53:08,822090,GET /rate/shoah+1985=3 
2023-03-28T14:53:08,158612,GET /rate/the+wrong+trousers+1993=5 
2023-03-28T14:53:08,128410,GET /rate/the+wrong+trousers+1993=5 
2023-03-28T14:53:09,359284,GET /rate/the+godfather+1972=5 
2023-03-28T14:53:10,422436,GET /rate/the+shawshank+redemption+1994=4 
2023-03-28T14:53:10,556631,GET /rate/the+punisher+dirty+laundry+2012=3 
2023-03-28T14:53:11,864926,GET /rate/the+usual+suspects+1995=2 
2023-03-28T14:53:12,312294,GET /rate/anchors+aweigh+1945=3 
2023-03-28T14:53:14,800305,GET /rate/pirates+of+the+caribbean+on+stranger+tides+2011=4 
2023-03-28T14:53:14,602472,GET /rate/the+silence+of+the+lambs+1991=5 
2023-03-28T14:53:15,353026,GET /rate/pulp+fiction+1994=5 
2023-03-28T14:53:15,130976,GET /rate/metropolis+1927=2 
2023-03-28T14:53:16,8825,GET /rate/the+chronicles+of+narnia+the+lion_+the+witch+and+the+wardrobe+2005=3 
2023-03-28T14:53:17,703343,GET /rate/the+shawshank+redemption+1994=4 
2023-03-28T14:53:17,704086,GET /rate/prime+suspect+1991=4 
2023-03-28T14:53:18,745126,GET /rate/pulp+fiction+1994=5 
2023-03-28T14:53:18,337654,GET /rate/the+silence+of+the+lambs+1991=4 
2023-03-28T14:53:19,413898,GET /rate/the+shawshank+redemption+1994=5 
2023-03-28T14:53:19,183814,GET /rate/the+wrong+trousers+1993=3 
2023-03-28T14:53:19,176957,GET /rate/the+shawshank+redemption+1994=5 
2023-03-28T14:53:20,554419,GET /rate/the+usual+suspects+1995=5 
2023-03-28T14:53:20,514774,GET /rate/sands+of+iwo+jima+1949=3 
2023-03-28T14:53:20,807015,GET /rate/the+shawshank+redemption+1994=5 
2023-03-28T14:53:20,202820,GET /rate/raiders+of+the+lost+ark+1981=5 
2023-03-28T14:53:21,663894,GET /rate/the+silence+of+the+lambs+1991=5 
2023-03-28T14:53:21,639399,GET /rate/the+shawshank+redemption+1994=5 
2023-03-28T14:53:21,626264,GET /rate/the+shawshank+redemption+1994=4 
2023-03-28T14:53:21,318799,GET /rate/the+shawshank+redemption+1994=5 
2023-03-28T14:53:21,777014,GET /rate/the+godfather+1972=4 
2023-03-28T14:53:21,616750,GET /rate/shoah+1985=3 
2023-03-28T14:53:23,48412,GET /rate/the+wrong+trousers+1993=5 
2023-03-28T14:53:23,467181,GET /rate/the+shawshank+redemption+1994=3 
2023-03-28T14:53:23,292004,GET /rate/shoah+1985=5 
2023-03-28T14:53:24,186942,GET /rate/one+flew+over+the+cuckoos+nest+1975=5 
2023-03-28T15:05:19,302715,GET /rate/the+silence+of+the+lambs+1991=4 
2023-03-28T15:05:19,558634,GET /rate/pulp+fiction+1994=5 
2023-03-28T15:05:20,631097,GET /rate/shoah+1985=3 
2023-03-28T15:05:21,464604,GET /rate/miss+julie+1951=4 
2023-03-28T15:05:21,356722,GET /rate/shoah+1985=4 
2023-03-28T15:05:21,318948,GET /rate/the+shawshank+redemption+1994=5 
2023-03-28T15:05:22,298337,GET /rate/the+shining+1980=5 
2023-03-28T15:05:22,870158,GET /rate/the+shawshank+redemption+1994=5 
2023-03-28T15:05:22,269495,GET /rate/batman+begins+2005=3 
2023-03-28T15:05:22,392566,GET /rate/pulp+fiction+1994=5 
2023-03-28T15:05:22,73825,GET /rate/the+silence+of+the+lambs+1991=4 
2023-03-28T15:05:22,197693,GET /rate/the+shawshank+redemption+1994=4 
2023-03-28T15:05:23,874767,GET /rate/the+silence+of+the+lambs+1991=5 
2023-03-28T15:05:24,145846,GET /rate/the+pet+2006=5 
2023-03-28T15:05:24,565774,GET /rate/shoah+1985=4 
2023-03-28T15:05:25,765716,GET /rate/the+shawshank+redemption+1994=5 
2023-03-28T15:05:25,548682,GET /rate/shoah+1985=4 
2023-03-28T15:05:25,571094,GET /rate/the+godfather+1972=5 
2023-03-28T15:05:26,817889,GET /rate/the+shawshank+redemption+1994=5 
2023-03-28T15:05:26,414880,GET /rate/walk+the+line+2005=4 
2023-03-28T15:05:27,645616,GET /rate/the+wrong+trousers+1993=4 
2023-03-28T15:05:28,437755,GET /rate/pulp+fiction+1994=3 
2023-03-28T15:05:28,521410,GET /rate/avatar+2009=5 
2023-03-28T15:05:28,609565,GET /rate/the+shawshank+redemption+1994=5 
2023-03-28T15:05:29,461226,GET /rate/shoah+1985=4 
2023-03-28T15:05:29,304019,GET /rate/the+shawshank+redemption+1994=3 
2023-03-28T15:05:30,584085,GET /rate/shoah+1985=4 
2023-03-28T15:05:31,905056,GET /rate/shoah+1985=3 
2023-03-28T15:05:32,823058,GET /rate/the+secret+world+of+arrietty+2010=3 
2023-03-28T15:05:32,373936,GET /rate/spiral+2000=3 
2023-03-28T15:05:32,184811,GET /rate/snatch+2000=4 
2023-03-28T15:05:32,155931,GET /rate/shoah+1985=4 
2023-03-28T15:05:32,24848,GET /rate/samurai+rebellion+1967=3 
2023-03-28T15:05:33,394857,GET /rate/the+silence+of+the+lambs+1991=3 
2023-03-28T15:05:34,138635,GET /rate/shoah+1985=5 
2023-03-28T15:05:34,535283,GET /rate/the+usual+suspects+1995=5 
2023-03-28T15:05:35,636240,GET /rate/the+shawshank+redemption+1994=5 
2023-03-28T15:05:36,339223,GET /rate/the+wrong+trousers+1993=4 
2023-03-28T14:53:25,463918,GET /rate/here+and+there+2009=2 
2023-03-28T14:53:26,11246,GET /rate/the+shawshank+redemption+1994=3 
2023-03-28T14:53:27,814915,GET /rate/the+silence+of+the+lambs+1991=4 
2023-03-28T14:53:28,496827,GET /rate/kronks+new+groove+2005=4 
2023-03-28T14:53:28,220754,GET /rate/the+shawshank+redemption+1994=4 
2023-03-28T14:53:29,100573,GET /rate/sympathy+for+lady+vengeance+2005=4 
2023-03-28T14:53:30,483296,GET /rate/son+of+batman+2014=3 
2023-03-28T14:53:30,467025,GET /rate/the+shawshank+redemption+1994=4 
2023-03-28T14:53:30,744065,GET /rate/the+wrong+trousers+1993=4 
2023-03-28T14:53:31,672528,GET /rate/the+shawshank+redemption+1994=5 
2023-03-28T14:53:31,11591,GET /rate/toy+story+1995=4 
2023-03-28T14:53:32,391152,GET /rate/monsters_+inc.+2001=4 
2023-03-28T14:53:32,581330,GET /rate/fantastic+planet+1973=4 
2023-03-28T14:53:32,272917,GET /rate/the+shawshank+redemption+1994=4 
2023-03-28T14:53:33,463981,GET /rate/pulp+fiction+1994=4 
2023-03-28T14:53:34,276516,GET /rate/the+godfather+1972=4 
2023-03-28T14:53:34,125515,GET /rate/the+silence+of+the+lambs+1991=3 
2023-03-28T14:53:35,905804,GET /rate/shoah+1985=4 
2023-03-28T14:53:35,224613,GET /rate/despicable+me+2010=4 
2023-03-28T14:53:35,193928,GET /rate/the+shawshank+redemption+1994=5 
2023-03-28T14:53:36,539524,GET /rate/the+silence+of+the+lambs+1991=4 
2023-03-28T14:53:36,21036,GET /rate/pulp+fiction+1994=4 
2023-03-28T14:53:37,411229,GET /rate/a+man+named+pearl+2006=4 
2023-03-28T14:53:37,700498,GET /rate/the+silence+of+the+lambs+1991=5 
2023-03-28T14:53:39,745126,GET /rate/pulp+fiction+1994=5 
2023-03-28T14:53:39,691415,GET /rate/the+shawshank+redemption+1994=5 
2023-03-28T14:53:39,210518,GET /rate/shoah+1985=5 
2023-03-28T14:53:39,437835,GET /rate/shoah+1985=4 
2023-03-28T14:53:41,763340,GET /rate/the+shawshank+redemption+1994=4 
2023-03-28T14:53:41,441376,GET /rate/the+shawshank+redemption+1994=4 
2023-03-28T14:53:42,629850,GET /rate/the+silence+of+the+lambs+1991=5 
2023-03-28T14:53:42,426593,GET /rate/notorious+1946=4 
2023-03-28T14:53:42,704837,GET /rate/partners+in+crime+2012=4 
2023-03-28T15:05:37,276335,GET /rate/interstellar+2014=4 
2023-03-28T15:05:37,831959,GET /rate/the+shawshank+redemption+1994=4 
2023-03-28T15:05:37,438383,GET /rate/the+house+that+dripped+blood+1971=3 
2023-03-28T15:05:38,634524,GET /rate/the+sky+dragon+1949=3 
2023-03-28T15:05:38,275168,GET /rate/shoah+1985=3 
2023-03-28T15:05:39,893738,GET /rate/the+wrong+trousers+1993=4 
2023-03-28T15:05:40,771243,GET /rate/the+corsican+file+2004=4 
2023-03-28T15:05:40,119296,GET /rate/the+silence+of+the+lambs+1991=4 
2023-03-28T15:05:40,287081,GET /rate/the+silence+of+the+lambs+1991=4 
2023-03-28T15:05:41,488672,GET /rate/the+silence+of+the+lambs+1991=5 
2023-03-28T15:05:42,259756,GET /rate/presto+2008=5 
2023-03-28T15:05:42,496783,GET /rate/the+silence+of+the+lambs+1991=4 
2023-03-28T15:05:42,505232,GET /rate/carmen+1918=3 
2023-03-28T15:05:44,25137,GET /rate/the+shawshank+redemption+1994=5 
2023-03-28T15:05:44,664695,GET /rate/the+women+on+the+6th+floor+2010=4 
2023-03-28T15:05:44,214332,GET /rate/presto+2008=4 
2023-03-28T15:05:44,767723,GET /rate/the+shawshank+redemption+1994=4 
2023-03-28T15:05:45,560626,GET /rate/the+silence+of+the+lambs+1991=4 
2023-03-28T15:05:46,99618,GET /rate/the+silence+of+the+lambs+1991=5 
2023-03-28T15:05:46,143985,GET /rate/shoah+1985=5 
2023-03-28T15:05:46,188490,GET /rate/frozen+planet+2011=4 
2023-03-28T15:05:47,443010,GET /rate/the+silence+of+the+lambs+1991=4 
2023-03-28T15:05:47,930881,GET /rate/drive+thru+2007=4 
2023-03-28T15:05:47,83260,GET /rate/shoah+1985=5 
2023-03-28T15:05:47,234528,GET /rate/presto+2008=4 
2023-03-28T15:05:48,515973,GET /rate/the+silence+of+the+lambs+1991=5 
2023-03-28T15:05:48,220532,GET /rate/song+for+marion+2012=3 
2023-03-28T15:05:49,139006,GET /rate/the+wrong+trousers+1993=4 
2023-03-28T15:05:49,458310,GET /rate/the+shining+1980=4 
2023-03-28T15:05:49,431957,GET /rate/police+story+3+supercop+1992=4 
2023-03-28T15:05:49,341512,GET /rate/the+usual+suspects+1995=4 
2023-03-28T15:05:49,742786,GET /rate/samurai+rebellion+1967=5 
2023-03-28T15:05:49,785234,GET /rate/the+train+1964=4 
2023-03-28T15:05:49,366994,GET /rate/shoah+1985=4 
2023-03-28T15:05:49,543258,GET /rate/the+good_+the+bad+and+the+ugly+1966=5 
2023-03-28T15:05:49,595015,GET /rate/hideous+kinky+1998=4 
2023-03-28T15:05:50,268510,GET /rate/the+3+worlds+of+gulliver+1960=4 
2023-03-28T15:05:50,729559,GET /rate/bury+my+heart+at+wounded+knee+2007=5 
2023-03-28T15:05:51,13999,GET /rate/howls+moving+castle+2004=5 
2023-03-28T15:05:51,78654,GET /rate/batman+begins+2005=5 
2023-03-28T15:05:52,487168,GET /rate/the+shawshank+redemption+1994=4 
2023-03-28T15:05:52,137084,GET /rate/the+shawshank+redemption+1994=5 
2023-03-28T15:05:52,943352,GET /rate/the+silence+of+the+lambs+1991=5 
2023-03-28T15:05:52,450686,GET /rate/bleak+night+2010=5 
2023-03-28T15:05:53,447126,GET /rate/twin+town+1997=3 
2023-03-28T15:05:54,717900,GET /rate/the+wrong+trousers+1993=4 
2023-03-28T14:53:42,652156,GET /rate/the+shawshank+redemption+1994=5 
2023-03-28T14:53:43,625890,GET /rate/the+shawshank+redemption+1994=5 
2023-03-28T14:53:44,844761,GET /rate/encounters+at+the+end+of+the+world+2007=3 
2023-03-28T14:53:45,757534,GET /rate/the+10th+district+court+moments+of+trial+2004=3 
2023-03-28T14:53:45,451869,GET /rate/sixteen+candles+1984=3 
2023-03-28T14:53:47,372239,GET /rate/the+shawshank+redemption+1994=4 
2023-03-28T14:53:48,872332,GET /rate/the+usual+suspects+1995=4 
2023-03-28T14:53:48,521138,GET /rate/the+shawshank+redemption+1994=5 
2023-03-28T14:53:48,24984,GET /rate/the+godfather+1972=5 
2023-03-28T14:53:49,435706,GET /rate/the+shawshank+redemption+1994=3 
2023-03-28T14:53:49,675349,GET /rate/one+eight+seven+1997=3 
2023-03-28T14:53:50,732612,GET /rate/the+shawshank+redemption+1994=4 
2023-03-28T14:53:50,767341,GET /rate/how+they+get+there+1997=5 
2023-03-28T14:53:51,613400,GET /rate/shoah+1985=5 
2023-03-28T14:53:51,914303,GET /rate/the+sword+in+the+stone+1963=5 
2023-03-28T14:53:52,711510,GET /rate/presto+2008=4 
2023-03-28T14:53:52,484785,GET /rate/66+scenes+from+america+1982=1 
2023-03-28T14:53:52,851258,GET /rate/the+godfather+1972=5 
2023-03-28T14:53:52,785580,GET /rate/pulp+fiction+1994=4 
2023-03-28T14:53:53,333797,GET /rate/the+shawshank+redemption+1994=5 
2023-03-28T14:53:53,199763,GET /rate/presto+2008=4 
2023-03-28T14:53:54,450987,GET /rate/the+silence+of+the+lambs+1991=4 
2023-03-28T14:53:54,207368,GET /rate/the+shawshank+redemption+1994=5 
2023-03-28T14:53:54,753118,GET /rate/mulan+1998=3 
2023-03-28T14:53:54,942968,GET /rate/sixteen+candles+1984=4 
2023-03-28T14:53:56,458877,GET /rate/dr.+no+1962=4 
2023-03-28T14:53:56,925215,GET /rate/the+godfather+1972=4 
2023-03-28T14:53:56,302770,GET /rate/the+silence+of+the+lambs+1991=4 
2023-03-28T14:53:56,689436,GET /rate/the+silence+of+the+lambs+1991=4 
2023-03-28T14:53:57,639852,GET /rate/the+silence+of+the+lambs+1991=4 
2023-03-28T14:53:57,309790,GET /rate/shoah+1985=5 
2023-03-28T14:53:58,736601,GET /rate/skins+2002=3 
2023-03-28T14:53:58,651858,GET /rate/the+shawshank+redemption+1994=4 
2023-03-28T14:53:58,10533,GET /rate/trading+places+1983=4 
2023-03-28T14:53:58,692584,GET /rate/cosi+1996=4 
2023-03-28T14:53:59,53786,GET /rate/shoah+1985=5 
2023-03-28T14:54,821639,GET /rate/shoah+1985=4 
2023-03-28T14:54:01,396036,GET /rate/the+shawshank+redemption+1994=5 
2023-03-28T15:05:54,664419,GET /rate/the+godfather+1972=5 
2023-03-28T15:05:55,275903,GET /rate/the+shawshank+redemption+1994=4 
2023-03-28T15:05:56,581991,GET /rate/the+shawshank+redemption+1994=4 
2023-03-28T15:05:57,519703,GET /rate/the+shawshank+redemption+1994=5 
2023-03-28T15:05:59,870177,GET /rate/shoah+1985=3 
2023-03-28T15:05:59,174146,GET /rate/the+shawshank+redemption+1994=4 
2023-03-28T15:05:59,566351,GET /rate/batman+begins+2005=3 
2023-03-28T15:06,424000,GET /rate/presto+2008=4 
2023-03-28T15:06:01,489593,GET /rate/the+shawshank+redemption+1994=5 
2023-03-28T15:06:01,226462,GET /rate/the+shawshank+redemption+1994=5 
2023-03-28T15:06:01,773133,GET /rate/this+is+our+time+2013=3 
2023-03-28T15:06:01,220140,GET /rate/the+shawshank+redemption+1994=5 
2023-03-28T15:06:01,267911,GET /rate/here+comes+peter+cottontail+1971=3 
2023-03-28T15:06:02,654401,GET /rate/when+we+were+kings+1996=4 
2023-03-28T15:06:02,4742,GET /rate/after+the+wedding+2006=4 
2023-03-28T15:06:02,100513,GET /rate/spirited+away+2001=5 
2023-03-28T15:06:03,516805,GET /rate/charlie+chans+chance+1932=3 
2023-03-28T15:06:04,439857,GET /rate/the+shawshank+redemption+1994=4 
2023-03-28T15:06:05,8461,GET /rate/shoah+1985=5 
2023-03-28T15:06:06,627953,GET /rate/the+godfather+1972=5 
2023-03-28T15:06:06,236954,GET /rate/the+godfather+1972=4 
2023-03-28T15:06:06,194927,GET /rate/the+shawshank+redemption+1994=4 
2023-03-28T15:06:06,795469,GET /rate/the+liquidator+2011=3 
2023-03-28T15:06:07,358035,GET /rate/the+wrong+trousers+1993=5 
2023-03-28T15:06:07,741173,GET /rate/trust+1990=5 
2023-03-28T15:06:08,242988,GET /rate/the+shawshank+redemption+1994=5 
2023-03-28T15:06:08,783534,GET /rate/the+dreamers+2003=4 
2023-03-28T15:06:10,312436,GET /rate/the+silence+of+the+lambs+1991=4 
2023-03-28T15:06:10,849691,GET /rate/the+shawshank+redemption+1994=3 
2023-03-28T15:06:11,158349,GET /rate/the+silence+of+the+lambs+1991=4 
2023-03-28T15:06:11,388278,GET /rate/the+wrong+trousers+1993=3 
2023-03-28T15:06:12,761352,GET /rate/the+shawshank+redemption+1994=2 
2023-03-28T15:06:12,906551,GET /rate/wonderful+days+2003=3 
2023-03-28T15:06:12,247696,GET /rate/the+shawshank+redemption+1994=5 
2023-03-28T15:06:12,372628,GET /rate/shoah+1985=4 
2023-03-28T15:06:12,670323,GET /rate/shoah+1985=5 
2023-03-28T14:54:01,448569,GET /rate/the+shawshank+redemption+1994=3 
2023-03-28T14:54:01,410607,GET /rate/the+shawshank+redemption+1994=3 
2023-03-28T14:54:02,860086,GET /rate/willy+wonka++the+chocolate+factory+1971=2 
2023-03-28T14:54:02,745126,GET /rate/pulp+fiction+1994=5 
2023-03-28T14:54:02,938376,GET /rate/the+shawshank+redemption+1994=4 
2023-03-28T14:54:02,156047,GET /rate/the+silence+of+the+lambs+1991=4 
2023-03-28T14:54:02,916419,GET /rate/the+shawshank+redemption+1994=4 
2023-03-28T14:54:02,415993,GET /rate/the+shawshank+redemption+1994=4 
2023-03-28T14:54:03,260197,GET /rate/the+shawshank+redemption+1994=4 
2023-03-28T14:54:03,151472,GET /rate/ferris+buellers+day+off+1986=4 
2023-03-28T14:54:03,789930,GET /rate/shoah+1985=5 
2023-03-28T14:54:04,819831,GET /rate/shoah+1985=4 
2023-03-28T14:54:05,485684,GET /rate/the+shawshank+redemption+1994=4 
2023-03-28T14:54:06,32564,GET /rate/the+shawshank+redemption+1994=5 
2023-03-28T14:54:06,459191,GET /rate/the+shawshank+redemption+1994=4 
2023-03-28T14:54:06,920516,GET /rate/shoah+1985=4 
2023-03-28T14:54:07,225509,GET /rate/aliens+1986=4 
2023-03-28T14:54:07,12224,GET /rate/pi+1998=4 
2023-03-28T14:54:08,587717,GET /rate/running+out+of+time+1999=4 
2023-03-28T14:54:08,148528,GET /rate/einstein+and+eddington+2008=4 
2023-03-28T14:54:08,319973,GET /rate/cooking+up+dreams+2009=2 
2023-03-28T14:54:09,267141,GET /rate/the+silence+of+the+lambs+1991=4 
2023-03-28T14:54:10,268025,GET /rate/the+silence+of+the+lambs+1991=3 
2023-03-28T14:54:11,15067,GET /rate/the+shawshank+redemption+1994=4 
2023-03-28T14:54:11,161044,GET /rate/the+wrong+trousers+1993=5 
2023-03-28T14:54:13,713022,GET /rate/the+shawshank+redemption+1994=4 
2023-03-28T14:54:13,253763,GET /rate/that+cold+day+in+the+park+1969=4 
2023-03-28T14:54:13,598985,GET /rate/the+silence+of+the+lambs+1991=4 
2023-03-28T14:54:13,19533,GET /rate/mr.+poppers+penguins+2011=4 
2023-03-28T14:54:14,845684,GET /rate/the+wrong+trousers+1993=5 
2023-03-28T14:54:14,908057,GET /rate/scum+1979=3 
2023-03-28T14:54:15,591339,GET /rate/patch+adams+1998=3 
2023-03-28T14:54:15,450840,GET /rate/the+shawshank+redemption+1994=4 
2023-03-28T14:54:15,741539,GET /rate/the+taming+of+the+shrew+1980=4 
2023-03-28T14:54:16,475843,GET /rate/horror+of+dracula+1958=4 
2023-03-28T14:54:16,926947,GET /rate/jackass+3.5+2011=4 
2023-03-28T14:54:17,282175,GET /rate/the+shawshank+redemption+1994=4 
2023-03-28T14:54:17,525894,GET /rate/vesna+goes+fast+1996=3 
2023-03-28T14:54:17,270925,GET /rate/the+wrong+trousers+1993=4 
2023-03-28T14:54:18,308037,GET /rate/the+amazing+spider-man+2012=4 
2023-03-28T14:54:18,303891,GET /rate/the+first+man+2011=3 
2023-03-28T14:54:19,34825,GET /rate/the+palm+beach+story+1942=4 
2023-03-28T14:54:19,97918,GET /rate/the+shawshank+redemption+1994=5 
2023-03-28T15:06:12,785011,GET /rate/my+neighbor+totoro+1988=4 
2023-03-28T15:06:13,76221,GET /rate/national+theatre+live+frankenstein+2011=2 
2023-03-28T15:06:13,264198,GET /rate/apollo+13+1995=4 
2023-03-28T15:06:13,702088,GET /rate/the+silence+of+the+lambs+1991=5 
2023-03-28T15:06:13,516809,GET /rate/louis+c.k.+oh+my+god+2013=5 
2023-03-28T15:06:13,161155,GET /rate/pulp+fiction+1994=4 
2023-03-28T15:06:13,11997,GET /rate/tender+mercies+1983=4 
2023-03-28T15:06:14,867181,GET /rate/the+godfather+1972=5 
2023-03-28T15:06:14,5438,GET /rate/the+shawshank+redemption+1994=5 
2023-03-28T15:06:15,881787,GET /rate/interstellar+2014=4 
2023-03-28T15:06:15,731752,GET /rate/cry-baby+1990=4 
2023-03-28T15:06:16,379494,GET /rate/beauty+and+the+beast+1991=4 
2023-03-28T15:06:16,60931,GET /rate/the+wrong+trousers+1993=4 
2023-03-28T15:06:16,35201,GET /rate/the+godfather+1972=4 
2023-03-28T15:06:17,95699,GET /rate/the+shawshank+redemption+1994=4 
2023-03-28T15:06:17,411642,GET /rate/the+front+line+2006=3 
2023-03-28T15:06:18,490395,GET /rate/the+godfather+1972=5 
2023-03-28T15:06:18,222565,GET /rate/the+shawshank+redemption+1994=4 
2023-03-28T15:06:18,362227,GET /rate/the+silence+of+the+lambs+1991=5 
2023-03-28T15:06:18,620154,GET /rate/the+7th+floor+2013=5 
2023-03-28T15:06:19,16877,GET /rate/no+time+for+nuts+2006=4 
2023-03-28T15:06:19,69509,GET /rate/killing+emmett+young+2002=4 
2023-03-28T15:06:19,185412,GET /rate/pulp+fiction+1994=4 
2023-03-28T15:06:20,298540,GET /rate/the+shawshank+redemption+1994=5 
2023-03-28T15:06:21,446222,GET /rate/kin-dza-dza+1986=5 
2023-03-28T15:06:22,83148,GET /rate/the+silence+of+the+lambs+1991=4 
2023-03-28T15:06:23,429140,GET /rate/simon+of+the+desert+1965=5 
2023-03-28T15:06:24,762783,GET /rate/the+wrong+trousers+1993=5 
2023-03-28T15:06:25,346736,GET /rate/shoah+1985=5 
2023-03-28T15:06:25,713012,GET /rate/prime+suspect+1991=4 
2023-03-28T15:06:26,112720,GET /rate/the+shawshank+redemption+1994=4 
2023-03-28T15:06:27,392494,GET /rate/the+crimson+pirate+1952=5 
2023-03-28T15:06:28,574459,GET /rate/the+godfather+1972=5 
2023-03-28T15:06:28,815678,GET /rate/hannah+and+her+sisters+1986=4 
2023-03-28T15:06:28,414927,GET /rate/maleficent+2014=4 
2023-03-28T15:06:29,574785,GET /rate/the+silence+of+the+lambs+1991=5 
2023-03-28T15:06:29,818963,GET /rate/beauty+and+the+beast+the+enchanted+christmas+1997=4 
2023-03-28T14:54:20,617415,GET /rate/the+shawshank+redemption+1994=4 
2023-03-28T14:54:20,646983,GET /rate/kin-dza-dza+1986=4 
2023-03-28T14:54:21,761986,GET /rate/presto+2008=4 
2023-03-28T14:54:22,727833,GET /rate/the+silence+of+the+lambs+1991=4 
2023-03-28T14:54:23,487028,GET /rate/presto+2008=5 
2023-03-28T14:54:23,542461,GET /rate/saving+private+ryan+1998=4 
2023-03-28T14:54:23,342470,GET /rate/interstellar+2014=5 
2023-03-28T14:54:23,539930,GET /rate/bolt+2008=3 
2023-03-28T14:54:24,682758,GET /rate/sinbad+the+fifth+voyage+2014=3 
2023-03-28T14:54:24,354479,GET /rate/beslan+three+days+in+september+2006=3 
2023-03-28T14:54:24,9094,GET /rate/the+shawshank+redemption+1994=5 
2023-03-28T14:54:25,266447,GET /rate/viva+2007=3 
2023-03-28T14:54:25,821049,GET /rate/the+shawshank+redemption+1994=5 
2023-03-28T14:54:26,807031,GET /rate/the+oscar+1966=3 
2023-03-28T14:54:26,48715,GET /rate/the+silence+of+the+lambs+1991=4 
2023-03-28T14:54:26,290024,GET /rate/around+the+bend+2004=4 
2023-03-28T14:54:28,680011,GET /rate/shoah+1985=5 
2023-03-28T14:54:28,374240,GET /rate/shoah+1985=5 
2023-03-28T14:54:29,718798,GET /rate/the+silence+of+the+lambs+1991=4 
2023-03-28T14:54:30,628456,GET /rate/presto+2008=5 
2023-03-28T14:54:30,8840,GET /rate/the+silence+of+the+lambs+1991=4 
2023-03-28T14:54:31,696785,GET /rate/the+silence+of+the+lambs+1991=5 
2023-03-28T14:54:31,393875,GET /rate/asterix+and+the+vikings+2006=4 
2023-03-28T14:54:32,10722,GET /rate/the+silence+of+the+lambs+1991=5 
2023-03-28T14:54:33,196130,GET /rate/the+shawshank+redemption+1994=5 
2023-03-28T14:54:35,178063,GET /rate/the+shawshank+redemption+1994=3 
2023-03-28T14:54:35,403963,GET /rate/the+wrong+trousers+1993=5 
2023-03-28T14:54:35,933315,GET /rate/the+shawshank+redemption+1994=5 
2023-03-28T14:54:35,175340,GET /rate/the+shawshank+redemption+1994=4 
2023-03-28T14:54:35,96108,GET /rate/the+wrong+trousers+1993=4 
2023-03-28T14:54:36,694319,GET /rate/the+silence+of+the+lambs+1991=4 
2023-03-28T15:06:30,486599,GET /rate/the+silence+of+the+lambs+1991=5 
2023-03-28T15:06:31,724005,GET /rate/shoah+1985=4 
2023-03-28T15:06:31,755314,GET /rate/big+1988=4 
2023-03-28T15:06:33,497151,GET /rate/the+wrong+trousers+1993=4 
2023-03-28T15:06:34,293402,GET /rate/the+wrong+trousers+1993=4 
2023-03-28T15:06:34,148135,GET /rate/the+lives+of+others+2006=4 
2023-03-28T15:06:34,493051,GET /rate/kidnapped+2010=3 
2023-03-28T15:06:34,699224,GET /rate/the+shawshank+redemption+1994=5 
2023-03-28T15:06:34,551689,GET /rate/shoah+1985=5 
2023-03-28T15:06:34,415489,GET /rate/the+shawshank+redemption+1994=5 
2023-03-28T15:06:35,539008,GET /rate/shutter+island+2010=5 
2023-03-28T15:06:35,819318,GET /rate/shoah+1985=4 
2023-03-28T15:06:36,641566,GET /rate/frozen+planet+2011=4 
2023-03-28T15:06:37,578873,GET /rate/the+shawshank+redemption+1994=3 
2023-03-28T15:06:37,456873,GET /rate/the+shawshank+redemption+1994=5 
2023-03-28T15:06:37,704102,GET /rate/the+silence+of+the+lambs+1991=4 
2023-03-28T15:06:38,875810,GET /rate/shoah+1985=4 
2023-03-28T15:06:38,493009,GET /rate/the+godfather+1972=4 
2023-03-28T15:06:39,593030,GET /rate/the+silence+of+the+lambs+1991=5 
2023-03-28T15:06:39,840277,GET /rate/the+shawshank+redemption+1994=5 
2023-03-28T15:06:40,340347,GET /rate/the+last+shark+1981=5 
2023-03-28T15:06:41,947686,GET /rate/the+shawshank+redemption+1994=4 
2023-03-28T15:06:42,871502,GET /rate/the+shawshank+redemption+1994=4 
2023-03-28T15:06:42,347454,GET /rate/the+godfather+1972=4 
2023-03-28T15:06:42,278466,GET /rate/tims+vermeer+2013=5 
2023-03-28T15:06:43,249707,GET /rate/batman+year+one+2011=5 
2023-03-28T15:06:43,349731,GET /rate/the+wrong+trousers+1993=3 
2023-03-28T15:06:43,600315,GET /rate/the+impossible+2012=4 
2023-03-28T15:06:45,506923,GET /rate/indiana+jones+and+the+last+crusade+1989=4 
2023-03-28T15:06:45,137674,GET /rate/the+shawshank+redemption+1994=3 
2023-03-28T15:06:45,703866,GET /rate/point+of+no+return+1993=3 
2023-03-28T15:06:46,346942,GET /rate/the+silence+of+the+lambs+1991=4 
2023-03-28T15:06:47,745126,GET /rate/death+proof+2007=5 
2023-03-28T15:06:48,254104,GET /rate/the+shawshank+redemption+1994=4 
2023-03-28T15:06:48,705433,GET /rate/the+wrong+trousers+1993=5 
2023-03-28T14:54:38,710957,GET /rate/samurai+rebellion+1967=4 
2023-03-28T14:54:39,101600,GET /rate/the+godfather+1972=4 
2023-03-28T14:54:39,376974,GET /rate/frozen+2013=4 
2023-03-28T14:54:39,356366,GET /rate/the+shawshank+redemption+1994=5 
2023-03-28T14:54:40,15525,GET /rate/the+blue+angel+1930=3 
2023-03-28T14:54:40,249563,GET /rate/crackerjack+1994=4 
2023-03-28T14:54:40,924323,GET /rate/the+shawshank+redemption+1994=4 
2023-03-28T14:54:41,419621,GET /rate/the+shawshank+redemption+1994=5 
2023-03-28T14:54:42,15190,GET /rate/zombie+girl+the+movie+2009=4 
2023-03-28T14:54:42,744064,GET /rate/the+shawshank+redemption+1994=5 
2023-03-28T14:54:42,59454,GET /rate/red+beard+1965=4 
2023-03-28T14:54:43,11685,GET /rate/hi+diddle+diddle+1943=5 
2023-03-28T14:54:44,739739,GET /rate/the+wrong+trousers+1993=5 
2023-03-28T14:54:45,234090,GET /rate/the+beehive+1982=3 
2023-03-28T14:54:45,108789,GET /rate/the+wrong+trousers+1993=5 
2023-03-28T14:54:45,411753,GET /rate/lucky+star+1929=4 
2023-03-28T14:54:45,609265,GET /rate/talk+to+her+2002=3 
2023-03-28T14:54:45,450943,GET /rate/the+shawshank+redemption+1994=5 
2023-03-28T14:54:45,43618,GET /rate/cool+hand+luke+1967=4 
2023-03-28T14:54:46,396400,GET /rate/the+wrong+trousers+1993=4 
2023-03-28T14:54:46,535243,GET /rate/dr.+no+1962=4 
2023-03-28T14:54:47,752216,GET /rate/the+godfather+1972=4 
2023-03-28T14:54:47,675891,GET /rate/the+shawshank+redemption+1994=5 
2023-03-28T14:54:47,350037,GET /rate/the+godfather+1972=4 
2023-03-28T14:54:47,137250,GET /rate/the+shawshank+redemption+1994=4 
2023-03-28T14:54:49,336067,GET /rate/shoah+1985=4 
2023-03-28T14:54:49,780171,GET /rate/the+silence+of+the+lambs+1991=5 
2023-03-28T14:54:50,774611,GET /rate/the+silence+of+the+lambs+1991=5 
2023-03-28T14:54:50,554242,GET /rate/the+silence+of+the+lambs+1991=4 
2023-03-28T14:54:51,521231,GET /rate/the+shawshank+redemption+1994=4 
2023-03-28T14:54:51,666079,GET /rate/the+shawshank+redemption+1994=4 
2023-03-28T14:54:52,77701,GET /rate/the+silence+of+the+lambs+1991=5 
2023-03-28T14:54:52,279828,GET /rate/presto+2008=5 
2023-03-28T14:54:52,136155,GET /rate/the+wrong+trousers+1993=4 
2023-03-28T14:54:52,564465,GET /rate/coach+carter+2005=4 
2023-03-28T14:54:53,792106,GET /rate/amer+2009=2 
2023-03-28T14:54:53,360333,GET /rate/the+apartment+1960=4 
2023-03-28T14:54:54,621465,GET /rate/avatar+2009=3 
2023-03-28T14:54:55,256140,GET /rate/the+wrong+trousers+1993=4 
2023-03-28T14:54:55,766638,GET /rate/the+silence+of+the+lambs+1991=4 
2023-03-28T15:06:48,201188,GET /rate/the+godfather+1972=5 
2023-03-28T15:06:49,622521,GET /rate/the+silence+of+the+lambs+1991=4 
2023-03-28T15:06:49,748526,GET /rate/the+silence+of+the+lambs+1991=4 
2023-03-28T15:06:50,319691,GET /rate/shoah+1985=4 
2023-03-28T15:06:50,767990,GET /rate/se7en+1995=5 
2023-03-28T15:06:51,917617,GET /rate/presto+2008=4 
2023-03-28T15:06:51,409629,GET /rate/prime+suspect+1991=4 
2023-03-28T15:06:52,752604,GET /rate/the+silence+of+the+lambs+1991=5 
2023-03-28T15:06:52,15094,GET /rate/the+corridor+2012=4 
2023-03-28T15:06:56,173816,GET /rate/the+shawshank+redemption+1994=3 
2023-03-28T15:06:57,479554,GET /rate/the+shawshank+redemption+1994=4 
2023-03-28T15:06:57,403338,GET /rate/the+lives+of+others+2006=4 
2023-03-28T15:06:57,148324,GET /rate/presto+2008=4 
2023-03-28T15:06:57,932770,GET /rate/american+raspberry+1977=3 
2023-03-28T15:06:58,851362,GET /rate/the+shawshank+redemption+1994=5 
2023-03-28T15:06:58,494092,GET /rate/a+common+man+2013=4 
2023-03-28T15:06:59,935500,GET /rate/under+the+bombs+2007=3 
2023-03-28T15:07,346570,GET /rate/forbidden+planet+1956=4 
2023-03-28T15:07,353528,GET /rate/tiny+furniture+2010=3 
2023-03-28T15:07:01,735920,GET /rate/the+silence+of+the+lambs+1991=3 
2023-03-28T15:07:03,491535,GET /rate/the+shawshank+redemption+1994=5 
2023-03-28T15:07:04,100420,GET /rate/the+matrix+1999=5 
2023-03-28T15:07:04,418086,GET /rate/the+wrong+trousers+1993=4 
2023-03-28T15:07:05,527816,GET /rate/the+shawshank+redemption+1994=5 
2023-03-28T15:07:05,185129,GET /rate/the+silence+of+the+lambs+1991=4 
2023-03-28T14:54:57,280444,GET /rate/the+wrong+trousers+1993=3 
2023-03-28T14:54:57,659721,GET /rate/the+silence+of+the+lambs+1991=5 
2023-03-28T14:54:58,863979,GET /rate/the+story+of+qiu+ju+1992=3 
2023-03-28T14:54:58,737335,GET /rate/pirates+of+the+caribbean+dead+mans+chest+2006=3 
2023-03-28T14:54:59,37119,GET /rate/presto+2008=5 
2023-03-28T14:54:59,376681,GET /rate/shoah+1985=4 
2023-03-28T14:54:59,885957,GET /rate/prime+suspect+1991=5 
2023-03-28T14:54:59,800458,GET /rate/my+neighbor+totoro+1988=4 
2023-03-28T14:55,709533,GET /rate/shoah+1985=3 
2023-03-28T14:55,507140,GET /rate/guardians+of+the+galaxy+2014=5 
2023-03-28T14:55,825547,GET /rate/the+silence+of+the+lambs+1991=4 
2023-03-28T14:55:01,414315,GET /rate/the+shawshank+redemption+1994=5 
2023-03-28T14:55:01,898331,GET /rate/shoah+1985=4 
2023-03-28T14:55:02,334300,GET /rate/oceans+eleven+2001=4 
2023-03-28T14:55:02,916965,GET /rate/shoah+1985=4 
2023-03-28T14:55:02,422970,GET /rate/spirited+away+2001=3 
2023-03-28T14:55:02,159029,GET /rate/the+hobbit+the+desolation+of+smaug+2013=2 
2023-03-28T14:55:02,882118,GET /rate/the+silence+of+the+lambs+1991=5 
2023-03-28T14:55:03,301127,GET /rate/the+shawshank+redemption+1994=5 
2023-03-28T14:55:03,414341,GET /rate/the+shawshank+redemption+1994=5 
2023-03-28T14:55:03,689413,GET /rate/the+shawshank+redemption+1994=5 
2023-03-28T14:55:04,121611,GET /rate/shoah+1985=4 
2023-03-28T14:55:04,793844,GET /rate/brokeback+mountain+2005=5 
2023-03-28T14:55:04,449339,GET /rate/were+the+millers+2013=4 
2023-03-28T14:55:05,89182,GET /rate/the+shawshank+redemption+1994=4 
2023-03-28T14:55:06,870263,GET /rate/the+godfather+1972=5 
2023-03-28T14:55:06,826206,GET /rate/shoah+1985=3 
2023-03-28T14:55:06,608069,GET /rate/the+wrong+trousers+1993=4 
2023-03-28T14:55:07,656773,GET /rate/carts+of+darkness+2008=4 
2023-03-28T14:55:07,1094,GET /rate/the+lover+1992=4 
2023-03-28T14:55:07,501539,GET /rate/the+godfather+1972=5 
2023-03-28T14:55:07,558859,GET /rate/the+godfather+1972=5 
2023-03-28T14:55:08,382852,GET /rate/the+wrong+trousers+1993=4 
2023-03-28T14:55:08,589188,GET /rate/kronks+new+groove+2005=3 
2023-03-28T14:55:08,211743,GET /rate/the+godfather+1972=4 
2023-03-28T14:55:09,811217,GET /rate/the+shawshank+redemption+1994=5 
2023-03-28T14:55:10,419027,GET /rate/aladdin+1992=4 
2023-03-28T14:55:11,879937,GET /rate/shoah+1985=4 
2023-03-28T14:55:12,517113,GET /rate/aladdin+1992=5 
2023-03-28T14:55:12,431237,GET /rate/devils+doorway+1950=4 
2023-03-28T14:55:13,444927,GET /rate/judas+kiss+1998=3 
2023-03-28T14:55:13,233178,GET /rate/the+plague+of+the+zombies+1966=3 
2023-03-28T14:55:13,496743,GET /rate/shoah+1985=4 
2023-03-28T14:55:14,188774,GET /rate/the+shawshank+redemption+1994=4 
2023-03-28T15:07:06,447897,GET /rate/shoah+1985=5 
2023-03-28T15:07:06,439295,GET /rate/shoah+1985=3 
2023-03-28T15:07:07,394546,GET /rate/the+godfather+1972=5 
2023-03-28T15:07:07,292262,GET /rate/goodfellas+1990=4 
2023-03-28T15:07:07,224445,GET /rate/the+treasure+of+the+sierra+madre+1948=4 
2023-03-28T15:07:08,721680,GET /rate/presto+2008=5 
2023-03-28T15:07:09,441905,GET /rate/bloody+pit+of+horror+1965=4 
2023-03-28T15:07:09,798392,GET /rate/1971+2014=3 
2023-03-28T15:07:09,60880,GET /rate/the+silence+of+the+lambs+1991=5 
2023-03-28T15:07:10,482372,GET /rate/the+godfather+1972=5 
2023-03-28T15:07:10,279899,GET /rate/the+letter+for+the+king+2008=3 
2023-03-28T15:07:11,67816,GET /rate/brave+2012=4 
2023-03-28T15:07:11,93819,GET /rate/the+usual+suspects+1995=3 
2023-03-28T15:07:12,39047,GET /rate/the+shawshank+redemption+1994=4 
2023-03-28T15:07:13,775456,GET /rate/the+wrong+trousers+1993=4 
2023-03-28T15:07:14,343062,GET /rate/to+die+like+a+man+2009=4 
2023-03-28T15:07:15,100027,GET /rate/the+godfather+1972=5 
2023-03-28T15:07:15,253423,GET /rate/shoah+1985=4 
2023-03-28T15:07:16,715837,GET /rate/the+wrong+trousers+1993=5 
2023-03-28T15:07:16,323087,GET /rate/the+shawshank+redemption+1994=4 
2023-03-28T15:07:16,868085,GET /rate/wonderland+2003=4 
2023-03-28T15:07:17,370723,GET /rate/the+shawshank+redemption+1994=4 
2023-03-28T15:07:17,8046,GET /rate/shoah+1985=4 
2023-03-28T15:07:17,301633,GET /rate/inception+2010=5 
2023-03-28T15:07:18,654383,GET /rate/the+silence+of+the+lambs+1991=4 
2023-03-28T15:07:18,266027,GET /rate/prime+suspect+1991=4 
2023-03-28T15:07:18,926954,GET /rate/from+russia+with+love+1963=3 
2023-03-28T15:07:18,580920,GET /rate/the+silence+of+the+lambs+1991=4 
2023-03-28T15:07:19,190708,GET /rate/the+shawshank+redemption+1994=5 
2023-03-28T15:07:19,765197,GET /rate/the+wrong+trousers+1993=5 
2023-03-28T15:07:20,422388,GET /rate/bill+bailey+tinselworm+2008=4 
2023-03-28T15:07:20,849512,GET /rate/the+shawshank+redemption+1994=4 
2023-03-28T15:07:20,120454,GET /rate/pirates+of+the+caribbean+the+curse+of+the+black+pearl+2003=4 
2023-03-28T15:07:20,312665,GET /rate/the+cove+2009=5 
2023-03-28T15:07:21,742148,GET /rate/office+space+1999=4 
2023-03-28T15:07:22,629137,GET /rate/shoah+1985=4 
2023-03-28T15:07:22,847447,GET /rate/the+godfather+1972=3 
2023-03-28T15:07:22,699222,GET /rate/the+usual+suspects+1995=4 
2023-03-28T15:07:22,472051,GET /rate/the+shawshank+redemption+1994=4 
2023-03-28T14:55:14,536377,GET /rate/the+wrong+trousers+1993=4 
2023-03-28T14:55:15,60048,GET /rate/phoenix+1998=3 
2023-03-28T14:55:15,393759,GET /rate/farmageddon+2011=2 
2023-03-28T14:55:15,614543,GET /rate/the+vertical+ray+of+the+sun+2000=4 
2023-03-28T14:55:16,803189,GET /rate/the+lives+of+others+2006=5 
2023-03-28T14:55:16,574615,GET /rate/youre+not+you+2014=4 
2023-03-28T14:55:17,467145,GET /rate/mr.+nobody+2009=3 
2023-03-28T14:55:18,277800,GET /rate/a+star+is+born+1937=3 
2023-03-28T14:55:19,205562,GET /rate/the+marc+pease+experience+2009=4 
2023-03-28T14:55:19,67012,GET /rate/pulp+fiction+1994=5 
2023-03-28T14:55:20,447460,GET /rate/the+usual+suspects+1995=5 
2023-03-28T14:55:22,433688,GET /rate/the+shawshank+redemption+1994=4 
2023-03-28T14:55:23,698700,GET /rate/leclisse+1962=4 
2023-03-28T14:55:23,440605,GET /rate/men+in+black+ii+2002=4 
2023-03-28T14:55:23,410969,GET /rate/the+godfather+1972=5 
2023-03-28T14:55:23,409009,GET /rate/the+shawshank+redemption+1994=4 
2023-03-28T14:55:23,544609,GET /rate/harry+potter+and+the+deathly+hallows+part+2+2011=3 
2023-03-28T14:55:24,749234,GET /rate/the+godfather+1972=5 
2023-03-28T14:55:24,502918,GET /rate/the+shawshank+redemption+1994=5 
2023-03-28T14:55:24,170159,GET /rate/the+man+who+played+god+1932=4 
2023-03-28T14:55:24,417250,GET /rate/the+silence+of+the+lambs+1991=5 
2023-03-28T14:55:24,170993,GET /rate/im+all+right+jack+1959=4 
2023-03-28T14:55:24,910273,GET /rate/the+shawshank+redemption+1994=5 
2023-03-28T14:55:25,364762,GET /rate/the+shawshank+redemption+1994=5 
2023-03-28T14:55:25,445326,GET /rate/shoah+1985=5 
2023-03-28T14:55:25,364840,GET /rate/the+hustler+1961=4 
2023-03-28T14:55:27,265814,GET /rate/the+godfather+1972=4 
2023-03-28T14:55:28,727444,GET /rate/inception+2010=5 
2023-03-28T14:55:28,773182,GET /rate/the+silence+of+the+lambs+1991=4 
2023-03-28T14:55:29,521096,GET /rate/the+shawshank+redemption+1994=5 
2023-03-28T14:55:29,810618,GET /rate/back+to+the+future+1985=4 
2023-03-28T14:55:30,344124,GET /rate/lessons+of+darkness+1992=4 
2023-03-28T14:55:30,211272,GET /rate/the+shawshank+redemption+1994=4 
2023-03-28T14:55:30,780318,GET /rate/presto+2008=5 
2023-03-28T14:55:30,465277,GET /rate/the+usual+suspects+1995=3 
2023-03-28T14:55:31,413183,GET /rate/shoah+1985=5 
2023-03-28T14:55:31,88581,GET /rate/shoah+1985=5 
2023-03-28T14:55:31,703431,GET /rate/x-men+days+of+future+past+2014=4 
2023-03-28T14:55:31,2441,GET /rate/the+wrong+trousers+1993=5 
2023-03-28T14:55:32,534408,GET /rate/big+hero+6+2014=4 
2023-03-28T14:55:32,91932,GET /rate/ratatouille+2007=4 
2023-03-28T15:07:24,596431,GET /rate/the+shawshank+redemption+1994=5 
2023-03-28T15:07:25,820987,GET /rate/the+silence+of+the+lambs+1991=5 
2023-03-28T15:07:26,487541,GET /rate/the+lord+of+the+rings+the+fellowship+of+the+ring+2001=4 
2023-03-28T15:07:27,237308,GET /rate/prime+suspect+1991=5 
2023-03-28T15:07:27,538770,GET /rate/fireworks+1997=4 
2023-03-28T15:07:27,743146,GET /rate/shoah+1985=5 
2023-03-28T15:07:27,274033,GET /rate/the+usual+suspects+1995=4 
2023-03-28T15:07:28,414152,GET /rate/the+silence+of+the+lambs+1991=4 
2023-03-28T15:07:30,761855,GET /rate/the+shawshank+redemption+1994=5 
2023-03-28T15:07:30,631879,GET /rate/the+master+2012=4 
2023-03-28T15:07:31,134560,GET /rate/batman+the+dark+knight+returns_+part+2+2013=4 
2023-03-28T15:07:31,594685,GET /rate/ray+harryhausen+special+effects+titan+2011=4 
2023-03-28T15:07:31,893549,GET /rate/spirited+away+2001=4 
2023-03-28T15:07:32,806805,GET /rate/beauty+and+the+beast+1991=3 
2023-03-28T15:07:32,808931,GET /rate/the+godfather+1972=4 
2023-03-28T15:07:33,784348,GET /rate/the+silence+of+the+lambs+1991=5 
2023-03-28T15:07:33,866451,GET /rate/white+shadows+in+the+south+seas+1928=2 
2023-03-28T15:07:33,129427,GET /rate/the+day+the+earth+stood+still+1951=3 
2023-03-28T15:07:33,114453,GET /rate/pulp+fiction+1994=4 
2023-03-28T15:07:34,574967,GET /rate/shoah+1985=4 
2023-03-28T15:07:34,227808,GET /rate/the+silence+of+the+lambs+1991=5 
2023-03-28T15:07:34,70324,GET /rate/the+wrong+trousers+1993=5 
2023-03-28T15:07:35,593748,GET /rate/the+shawshank+redemption+1994=4 
2023-03-28T15:07:35,326867,GET /rate/the+silence+of+the+lambs+1991=5 
2023-03-28T15:07:36,919587,GET /rate/the+shawshank+redemption+1994=4 
2023-03-28T15:07:36,822255,GET /rate/mulan+1998=2 
2023-03-28T15:07:36,474836,GET /rate/the+wrong+trousers+1993=5 
2023-03-28T15:07:37,930311,GET /rate/fight+club+1999=4 
2023-03-28T15:07:37,898298,GET /rate/harry+potter+and+the+deathly+hallows+part+1+2010=4 
2023-03-28T15:07:37,699992,GET /rate/the+godfather+1972=5 
2023-03-28T15:07:37,386401,GET /rate/the+godfather+1972=5 
2023-03-28T15:07:37,873425,GET /rate/the+shawshank+redemption+1994=5 
2023-03-28T15:07:37,710367,GET /rate/a+cab+for+three+2001=4 
2023-03-28T15:07:38,510840,GET /rate/thief+1981=3 
2023-03-28T15:07:39,644356,GET /rate/shoah+1985=4 
2023-03-28T15:07:39,3375,GET /rate/pulp+fiction+1994=5 
2023-03-28T15:07:39,506620,GET /rate/the+shawshank+redemption+1994=4 
2023-03-28T15:07:40,746963,GET /rate/open+grave+2013=3 
2023-03-28T15:07:40,753871,GET /rate/the+shawshank+redemption+1994=5 
2023-03-28T15:07:41,480004,GET /rate/maniac+cop+1988=3 
2023-03-28T15:07:41,171453,GET /rate/the+shawshank+redemption+1994=4 
2023-03-28T14:55:33,168661,GET /rate/bird+1988=3 
2023-03-28T14:55:33,208659,GET /rate/loft+2008=5 
2023-03-28T14:55:35,230536,GET /rate/the+silence+of+the+lambs+1991=4 
2023-03-28T14:55:35,922093,GET /rate/blown+away+1993=4 
2023-03-28T14:55:36,524803,GET /rate/lessons+of+darkness+1992=4 
2023-03-28T14:55:36,771013,GET /rate/the+shawshank+redemption+1994=4 
2023-03-28T14:55:36,759887,GET /rate/the+dark+half+1993=3 
2023-03-28T14:55:37,492639,GET /rate/the+shawshank+redemption+1994=4 
2023-03-28T14:55:37,897859,GET /rate/shoah+1985=4 
2023-03-28T14:55:38,715762,GET /rate/presto+2008=4 
2023-03-28T14:55:39,555166,GET /rate/alien+1979=5 
2023-03-28T14:55:40,318939,GET /rate/the+wrong+trousers+1993=4 
2023-03-28T14:55:40,717085,GET /rate/the+shawshank+redemption+1994=5 
2023-03-28T14:55:40,917961,GET /rate/the+shawshank+redemption+1994=3 
2023-03-28T14:55:41,260062,GET /rate/the+wrong+trousers+1993=5 
2023-03-28T14:55:41,45245,GET /rate/the+shawshank+redemption+1994=5 
2023-03-28T14:55:42,192806,GET /rate/the+shawshank+redemption+1994=5 
2023-03-28T14:55:42,171785,GET /rate/django+unchained+2012=4 
2023-03-28T14:55:42,741772,GET /rate/the+usual+suspects+1995=3 
2023-03-28T14:55:43,135125,GET /rate/the+shawshank+redemption+1994=4 
2023-03-28T14:55:44,155527,GET /rate/the+silence+of+the+lambs+1991=3 
2023-03-28T14:55:44,691572,GET /rate/the+shawshank+redemption+1994=4 
2023-03-28T14:55:44,70125,GET /rate/the+shawshank+redemption+1994=5 
2023-03-28T14:55:44,420497,GET /rate/porkys+1981=3 
2023-03-28T14:55:45,813913,GET /rate/the+godfather+1972=5 
2023-03-28T14:55:45,287840,GET /rate/the+lord+of+the+rings+the+fellowship+of+the+ring+2001=5 
2023-03-28T14:55:46,848812,GET /rate/gilles+wife+2004=2 
2023-03-28T14:55:46,833404,GET /rate/the+godfather+1972=4 
2023-03-28T14:55:46,565087,GET /rate/urusei+yatsura+2+beautiful+dreamer+1984=2 
2023-03-28T14:55:46,816021,GET /rate/fight+club+1999=4 
2023-03-28T14:55:47,22288,GET /rate/the+wrong+trousers+1993=3 
2023-03-28T14:55:47,16040,GET /rate/shoah+1985=4 
2023-03-28T14:55:48,574660,GET /rate/the+silence+of+the+lambs+1991=4 
2023-03-28T14:55:48,439464,GET /rate/the+shawshank+redemption+1994=5 
2023-03-28T14:55:49,148845,GET /rate/the+boy+in+the+striped+pyjamas+2008=3 
2023-03-28T14:55:49,119380,GET /rate/the+rock+1996=4 
2023-03-28T14:55:50,67374,GET /rate/the+wrong+trousers+1993=4 
2023-03-28T14:55:50,730735,GET /rate/the+shawshank+redemption+1994=4 
2023-03-28T15:07:43,781534,GET /rate/the+godfather+1972=5 
2023-03-28T15:07:43,190752,GET /rate/the+shawshank+redemption+1994=5 
2023-03-28T15:07:43,662801,GET /rate/emr+2004=3 
2023-03-28T15:07:44,754355,GET /rate/presto+2008=4 
2023-03-28T15:07:44,312535,GET /rate/the+shawshank+redemption+1994=5 
2023-03-28T15:07:44,863018,GET /rate/the+shawshank+redemption+1994=4 
2023-03-28T15:07:44,323551,GET /rate/frankenstein+1931=5 
2023-03-28T15:07:46,62686,GET /rate/the+shawshank+redemption+1994=5 
2023-03-28T15:07:46,729931,GET /rate/seven+invisible+men+2005=3 
2023-03-28T15:07:47,204522,GET /rate/macbeth+1982=3 
2023-03-28T15:07:47,713260,GET /rate/the+silence+of+the+lambs+1991=4 
2023-03-28T15:07:47,734047,GET /rate/persepolis+2007=5 
2023-03-28T15:07:47,114941,GET /rate/running+out+of+time+1999=4 
2023-03-28T15:07:48,871371,GET /rate/the+shawshank+redemption+1994=4 
2023-03-28T15:07:48,578439,GET /rate/the+incident+1990=3 
2023-03-28T15:07:48,325866,GET /rate/shower+1999=4 
2023-03-28T15:07:50,740251,GET /rate/the+incredibles+2004=3 
2023-03-28T15:07:50,20977,GET /rate/shoah+1985=4 
2023-03-28T15:07:51,482657,GET /rate/shoah+1985=5 
2023-03-28T15:07:51,842537,GET /rate/the+shawshank+redemption+1994=5 
2023-03-28T15:07:52,672013,GET /rate/if....+1968=4 
2023-03-28T15:07:53,39663,GET /rate/smiles+of+a+summer+night+1955=4 
2023-03-28T15:07:53,864169,GET /rate/the+wrong+trousers+1993=4 
2023-03-28T15:07:54,202054,GET /rate/the+usual+suspects+1995=4 
2023-03-28T15:07:54,694927,GET /rate/presto+2008=4 
2023-03-28T15:07:54,190335,GET /rate/the+shawshank+redemption+1994=4 
2023-03-28T15:07:54,653544,GET /rate/the+way+2010=5 
2023-03-28T15:07:55,559318,GET /rate/the+shawshank+redemption+1994=5 
2023-03-28T15:07:55,794339,GET /rate/the+silence+of+the+lambs+1991=5 
2023-03-28T15:07:56,577641,GET /rate/the+shawshank+redemption+1994=3 
2023-03-28T15:07:56,118912,GET /rate/the+shawshank+redemption+1994=4 
2023-03-28T15:07:56,539310,GET /rate/the+silence+of+the+lambs+1991=4 
2023-03-28T15:07:57,273986,GET /rate/cool+it+2010=4 
2023-03-28T15:07:57,22431,GET /rate/prime+suspect+1991=5 
2023-03-28T15:07:57,705953,GET /rate/step+up+revolution+2012=4 
2023-03-28T15:07:57,516780,GET /rate/kikis+delivery+service+1989=5 
2023-03-28T15:07:58,173666,GET /rate/the+usual+suspects+1995=4 
2023-03-28T15:07:58,758139,GET /rate/the+godfather+1972=5 
2023-03-28T15:07:58,923824,GET /rate/hellboy+ii+the+golden+army+2008=3 
2023-03-28T15:07:58,307154,GET /rate/the+godfather+1972=4 
2023-03-28T15:07:59,514286,GET /rate/ronal+the+barbarian+2011=5 
2023-03-28T14:55:51,162861,GET /rate/apnea+2010=4 
2023-03-28T14:55:51,492286,GET /rate/shoah+1985=4 
2023-03-28T14:55:51,798487,GET /rate/a+woman+in+berlin+2008=4 
2023-03-28T14:55:51,251578,GET /rate/gandahar+1987=3 
2023-03-28T14:55:52,509524,GET /rate/the+godfather+1972=5 
2023-03-28T14:55:52,578148,GET /rate/once+in+the+life+2000=3 
2023-03-28T14:55:52,528698,GET /rate/the+usual+suspects+1995=5 
2023-03-28T14:55:52,220231,GET /rate/the+godfather+1972=4 
2023-03-28T14:55:53,698021,GET /rate/nausica+of+the+valley+of+the+wind+1984=5 
2023-03-28T14:55:53,732810,GET /rate/prime+suspect+1991=3 
2023-03-28T14:55:54,459914,GET /rate/this+must+be+the+place+2011=3 
2023-03-28T14:55:54,937731,GET /rate/mongolian+ping+pong+2005=4 
2023-03-28T14:55:54,552637,GET /rate/the+silence+of+the+lambs+1991=5 
2023-03-28T14:55:54,442681,GET /rate/one+flew+over+the+cuckoos+nest+1975=4 
2023-03-28T14:55:55,550985,GET /rate/the+wrong+trousers+1993=2 
2023-03-28T14:55:55,795941,GET /rate/the+shawshank+redemption+1994=5 
2023-03-28T14:55:56,776427,GET /rate/what+doesnt+kill+you+2008=3 
2023-03-28T14:55:56,18915,GET /rate/microcosmos+1996=4 
2023-03-28T14:55:56,773462,GET /rate/the+shawshank+redemption+1994=5 
2023-03-28T14:55:56,652829,GET /rate/free+rangeballad+on+approving+of+the+world+2013=4 
2023-03-28T14:55:58,630691,GET /rate/the+godfather+1972=4 
2023-03-28T14:55:58,509738,GET /rate/the+usual+suspects+1995=5 
2023-03-28T14:55:59,104146,GET /rate/the+shawshank+redemption+1994=4 
2023-03-28T14:56,660048,GET /rate/the+silence+of+the+lambs+1991=5 
2023-03-28T14:56,851866,GET /rate/tabloid+2010=4 
2023-03-28T14:56,539902,GET /rate/the+wrong+trousers+1993=5 
2023-03-28T14:56:01,589156,GET /rate/shoah+1985=3 
2023-03-28T14:56:01,295192,GET /rate/fly+away+home+1996=3 
2023-03-28T14:56:02,578060,GET /rate/the+shawshank+redemption+1994=5 
2023-03-28T14:56:03,685449,GET /rate/the+shawshank+redemption+1994=5 
2023-03-28T14:56:03,789171,GET /rate/shoah+1985=4 
2023-03-28T14:56:03,686328,GET /rate/the+shawshank+redemption+1994=4 
2023-03-28T14:56:04,821202,GET /rate/presto+2008=4 
2023-03-28T14:56:06,888600,GET /rate/the+shawshank+redemption+1994=4 
2023-03-28T14:56:07,248730,GET /rate/terrors+advocate+2007=3 
2023-03-28T14:56:07,291742,GET /rate/samurai+rebellion+1967=5 
2023-03-28T14:56:07,462957,GET /rate/the+godfather+1972=5 
2023-03-28T14:56:08,91028,GET /rate/the+silence+of+the+lambs+1991=4 
2023-03-28T14:56:08,310033,GET /rate/shoah+1985=4 
2023-03-28T14:56:09,254480,GET /rate/the+shawshank+redemption+1994=5 
2023-03-28T15:07:59,340761,GET /rate/cottage+country+2013=3 
2023-03-28T15:08,706779,GET /rate/aliens+1986=5 
2023-03-28T15:08:01,95981,GET /rate/sixteen+candles+1984=5 
2023-03-28T15:08:01,832771,GET /rate/the+shawshank+redemption+1994=4 
2023-03-28T15:08:02,817811,GET /rate/hoffa+1992=3 
2023-03-28T15:08:02,410206,GET /rate/the+reluctant+debutante+1958=5 
2023-03-28T15:08:02,153645,GET /rate/the+lord+of+the+rings+the+two+towers+2002=4 
2023-03-28T15:08:03,515779,GET /rate/forrest+gump+1994=5 
2023-03-28T15:08:04,476936,GET /rate/the+shawshank+redemption+1994=4 
2023-03-28T15:08:04,887567,GET /rate/the+shawshank+redemption+1994=5 
2023-03-28T15:08:04,747820,GET /rate/shoah+1985=5 
2023-03-28T15:08:05,233287,GET /rate/the+godfather+1972=5 
2023-03-28T15:08:06,875951,GET /rate/it+follows+2015=4 
2023-03-28T15:08:07,634313,GET /rate/the+devil+wears+prada+2006=3 
2023-03-28T15:08:08,188057,GET /rate/the+godfather+1972=5 
2023-03-28T15:08:08,48948,GET /rate/presto+2008=5 
2023-03-28T15:08:09,767603,GET /rate/my+flesh+and+blood+2003=4 
2023-03-28T15:08:09,898454,GET /rate/seed+of+chucky+2004=2 
2023-03-28T15:08:10,115757,GET /rate/tinker+tailor+soldier+spy+2011=5 
2023-03-28T15:08:10,714096,GET /rate/the+silence+of+the+lambs+1991=4 
2023-03-28T15:08:10,729542,GET /rate/the+shawshank+redemption+1994=4 
2023-03-28T15:08:10,62889,GET /rate/the+plague+dogs+1982=4 
2023-03-28T15:08:11,743836,GET /rate/the+shawshank+redemption+1994=5 
2023-03-28T15:08:12,488735,GET /rate/the+godfather+1972=3 
2023-03-28T15:08:12,434763,GET /rate/shoah+1985=5 
2023-03-28T15:08:13,399132,GET /rate/million+dollar+mermaid+1952=3 
2023-03-28T15:08:14,112018,GET /rate/spirit+stallion+of+the+cimarron+2002=2 
2023-03-28T15:08:14,129467,GET /rate/the+wrong+trousers+1993=5 
2023-03-28T15:08:14,713414,GET /rate/next+of+kin+1984=3 
2023-03-28T15:08:14,183682,GET /rate/the+wrong+trousers+1993=4 
2023-03-28T15:08:14,150618,GET /rate/day+for+night+1973=4 
2023-03-28T15:08:16,603782,GET /rate/the+wrong+trousers+1993=4 
2023-03-28T15:08:16,75757,GET /rate/the+shawshank+redemption+1994=5 
2023-03-28T15:08:16,452149,GET /rate/the+godfather+1972=4 
2023-03-28T15:08:16,676554,GET /rate/samurai+rebellion+1967=5 
2023-03-28T15:08:16,478924,GET /rate/the+godfather+1972=4 
2023-03-28T15:08:17,165506,GET /rate/presto+2008=4 
2023-03-28T15:08:17,745126,GET /rate/platoon+1986=1 
2023-03-28T14:56:09,181502,GET /rate/point+blank+2010=3 
2023-03-28T14:56:10,360656,GET /rate/yellow+earth+1984=3 
2023-03-28T14:56:11,3051,GET /rate/the+godfather+1972=4 
2023-03-28T14:56:11,697967,GET /rate/love+valour+compassion+1997=4 
2023-03-28T14:56:12,611167,GET /rate/blacksmith+scene+1893=3 
2023-03-28T14:56:12,910481,GET /rate/the+boy+in+the+striped+pyjamas+2008=2 
2023-03-28T14:56:12,777606,GET /rate/the+wild+and+wonderful+whites+of+west+virginia+2009=3 
2023-03-28T14:56:12,645193,GET /rate/seal+team+eight+behind+enemy+lines+2014=3 
2023-03-28T14:56:12,662538,GET /rate/a+house+of+secrets+exploring+dragonwyck+2008=3 
2023-03-28T14:56:12,806487,GET /rate/29+palms+2002=3 
2023-03-28T14:56:13,942808,GET /rate/spider-man+2002=5 
2023-03-28T14:56:13,884973,GET /rate/the+shawshank+redemption+1994=5 
2023-03-28T14:56:13,380656,GET /rate/the+wrong+trousers+1993=4 
2023-03-28T14:56:14,370044,GET /rate/the+silence+of+the+lambs+1991=4 
2023-03-28T14:56:14,454307,GET /rate/the+shawshank+redemption+1994=5 
2023-03-28T14:56:14,87733,GET /rate/the+silence+of+the+lambs+1991=3 
2023-03-28T14:56:14,55980,GET /rate/the+wrong+trousers+1993=5 
2023-03-28T14:56:14,790744,GET /rate/the+wrong+trousers+1993=5 
2023-03-28T14:56:14,928234,GET /rate/presto+2008=3 
2023-03-28T14:56:15,491925,GET /rate/the+wrong+trousers+1993=4 
2023-03-28T14:56:15,330708,GET /rate/the+shawshank+redemption+1994=4 
2023-03-28T14:56:16,560293,GET /rate/the+shawshank+redemption+1994=4 
2023-03-28T14:56:17,932508,GET /rate/rio+sex+comedy+2010=4 
2023-03-28T14:56:17,39437,GET /rate/the+lives+of+others+2006=3 
2023-03-28T14:56:18,658182,GET /rate/shoah+1985=4 
2023-03-28T14:56:18,684946,GET /rate/the+silence+of+the+lambs+1991=3 
2023-03-28T14:56:19,930908,GET /rate/batman+begins+2005=4 
2023-03-28T14:56:20,539527,GET /rate/shoah+1985=4 
2023-03-28T14:56:20,627616,GET /rate/the+shawshank+redemption+1994=4 
2023-03-28T14:56:20,413756,GET /rate/28+weeks+later+2007=3 
2023-03-28T14:56:20,312080,GET /rate/pulp+fiction+1994=5 
2023-03-28T14:56:21,705239,GET /rate/the+shawshank+redemption+1994=5 
2023-03-28T14:56:21,126814,GET /rate/pandoras+box+1929=3 
2023-03-28T14:56:21,675845,GET /rate/terror+beneath+the+sea+1966=3 
2023-03-28T14:56:22,368219,GET /rate/pulp+fiction+1994=4 
2023-03-28T14:56:22,899450,GET /rate/up+2009=5 
2023-03-28T14:56:22,32469,GET /rate/mayerling+1936=4 
2023-03-28T14:56:22,363717,GET /rate/shoah+1985=5 
2023-03-28T14:56:23,788913,GET /rate/the+godfather+1972=5 
2023-03-28T14:56:23,79127,GET /rate/the+shawshank+redemption+1994=4 
2023-03-28T14:56:23,412957,GET /rate/the+shawshank+redemption+1994=5 
2023-03-28T14:56:24,14575,GET /rate/the+godfather+1972=5 
2023-03-28T14:56:24,208277,GET /rate/the+hobbit+the+desolation+of+smaug+2013=4 
2023-03-28T14:56:24,869635,GET /rate/the+shawshank+redemption+1994=4 
2023-03-28T14:56:25,816877,GET /rate/the+godfather+1972=5 
2023-03-28T14:56:25,203149,GET /rate/the+silence+of+the+lambs+1991=4 
2023-03-28T14:56:26,248855,GET /rate/the+lord+of+the+rings+the+fellowship+of+the+ring+2001=5 
2023-03-28T15:08:17,647869,GET /rate/harry+potter+and+the+order+of+the+phoenix+2007=4 
2023-03-28T15:08:18,811137,GET /rate/chappie+2015=4 
2023-03-28T15:08:18,72002,GET /rate/sleeping+beauty+1959=4 
2023-03-28T15:08:19,147191,GET /rate/kikis+delivery+service+1989=4 
2023-03-28T15:08:19,943276,GET /rate/the+wrong+trousers+1993=5 
2023-03-28T15:08:20,704137,GET /rate/the+shawshank+redemption+1994=5 
2023-03-28T15:08:20,726680,GET /rate/moon+2009=4 
2023-03-28T15:08:21,847252,GET /rate/the+usual+suspects+1995=4 
2023-03-28T15:08:22,181197,GET /rate/the+silence+of+the+lambs+1991=5 
2023-03-28T15:08:24,800127,GET /rate/samurai+i+musashi+miyamoto+1954=4 
2023-03-28T15:08:24,597166,GET /rate/the+shawshank+redemption+1994=5 
2023-03-28T15:08:25,618571,GET /rate/gladiator+2000=4 
2023-03-28T15:08:25,518773,GET /rate/presto+2008=4 
2023-03-28T15:08:26,716909,GET /rate/the+usual+suspects+1995=4 
2023-03-28T15:08:26,501265,GET /rate/the+shawshank+redemption+1994=4 
2023-03-28T15:08:27,808293,GET /rate/the+silence+of+the+lambs+1991=4 
2023-03-28T15:08:27,190476,GET /rate/the+silence+of+the+lambs+1991=4 
2023-03-28T15:08:27,169787,GET /rate/the+shawshank+redemption+1994=4 
2023-03-28T15:08:28,667382,GET /rate/hercules+1997=4 
2023-03-28T15:08:29,540920,GET /rate/the+infidel+2009=3 
2023-03-28T15:08:29,920479,GET /rate/right+at+your+door+2006=3 
2023-03-28T15:08:30,407517,GET /rate/the+godfather+1972=4 
2023-03-28T15:08:31,796245,GET /rate/the+wrong+trousers+1993=4 
2023-03-28T15:08:31,774621,GET /rate/presto+2008=4 
2023-03-28T15:08:32,125563,GET /rate/heaven+2002=4 
2023-03-28T15:08:32,858569,GET /rate/the+shawshank+redemption+1994=4 
2023-03-28T15:08:32,537908,GET /rate/excess+baggage+1997=4 
2023-03-28T15:08:32,487300,GET /rate/the+shawshank+redemption+1994=4 
2023-03-28T14:56:28,253099,GET /rate/the+wrong+trousers+1993=4 
2023-03-28T14:56:28,246022,GET /rate/the+string+2009=1 
2023-03-28T14:56:28,743113,GET /rate/the+wrong+trousers+1993=4 
2023-03-28T14:56:28,303807,GET /rate/shoah+1985=4 
2023-03-28T14:56:28,140896,GET /rate/the+prisoner+of+zenda+1937=4 
2023-03-28T14:56:29,729986,GET /rate/the+godfather+1972=3 
2023-03-28T14:56:29,322476,GET /rate/the+godfather+1972=5 
2023-03-28T14:56:30,197993,GET /rate/iron+man+2+2010=4 
2023-03-28T14:56:30,166486,GET /rate/the+wrong+trousers+1993=5 
2023-03-28T14:56:30,190447,GET /rate/the+silence+of+the+lambs+1991=3 
2023-03-28T14:56:31,396638,GET /rate/the+spousals+of+god+1999=3 
2023-03-28T14:56:32,638758,GET /rate/the+shawshank+redemption+1994=4 
2023-03-28T14:56:32,77054,GET /rate/the+great+debaters+2007=4 
2023-03-28T14:56:33,196614,GET /rate/the+glamorous+life+of+sachiko+hanai+2003=4 
2023-03-28T14:56:34,227739,GET /rate/robots+2005=3 
2023-03-28T14:56:34,277906,GET /rate/the+shawshank+redemption+1994=4 
2023-03-28T14:56:35,517841,GET /rate/shoah+1985=4 
2023-03-28T14:56:35,843388,GET /rate/the+silence+of+the+lambs+1991=5 
2023-03-28T14:56:35,872019,GET /rate/i_+robot+2004=5 
2023-03-28T14:56:36,253539,GET /rate/the+wrong+trousers+1993=5 
2023-03-28T14:56:36,916299,GET /rate/just+like+brothers+2012=4 
2023-03-28T14:56:36,876774,GET /rate/presto+2008=5 
2023-03-28T14:56:36,425103,GET /rate/the+lost+battalion+2001=3 
2023-03-28T14:56:37,824026,GET /rate/presto+2008=4 
2023-03-28T14:56:37,763426,GET /rate/shoah+1985=5 
2023-03-28T14:56:37,13107,GET /rate/the+shawshank+redemption+1994=4 
2023-03-28T14:56:38,271744,GET /rate/the+silence+of+the+lambs+1991=4 
2023-03-28T14:56:39,703303,GET /rate/the+wrong+trousers+1993=5 
2023-03-28T14:56:39,626491,GET /rate/raiders+of+the+lost+ark+1981=4 
2023-03-28T14:56:40,897031,GET /rate/the+shawshank+redemption+1994=4 
2023-03-28T14:56:40,469171,GET /rate/saving+grace+2000=4 
2023-03-28T14:56:41,340518,GET /rate/the+station+agent+2003=4 
2023-03-28T14:56:41,149655,GET /rate/the+shawshank+redemption+1994=5 
2023-03-28T14:56:41,252134,GET /rate/the+immigrant+1917=4 
2023-03-28T14:56:42,665491,GET /rate/the+indian+runner+1991=3 
